-- MySQL dump 10.13  Distrib 8.0.36, for Win64 (x86_64)
--
-- Host: localhost    Database: healthcare
-- ------------------------------------------------------
-- Server version	8.4.0

/*!40101 SET @OLD_CHARACTER_SET_CLIENT=@@CHARACTER_SET_CLIENT */;
/*!40101 SET @OLD_CHARACTER_SET_RESULTS=@@CHARACTER_SET_RESULTS */;
/*!40101 SET @OLD_COLLATION_CONNECTION=@@COLLATION_CONNECTION */;
/*!50503 SET NAMES utf8 */;
/*!40103 SET @OLD_TIME_ZONE=@@TIME_ZONE */;
/*!40103 SET TIME_ZONE='+00:00' */;
/*!40014 SET @OLD_UNIQUE_CHECKS=@@UNIQUE_CHECKS, UNIQUE_CHECKS=0 */;
/*!40014 SET @OLD_FOREIGN_KEY_CHECKS=@@FOREIGN_KEY_CHECKS, FOREIGN_KEY_CHECKS=0 */;
/*!40101 SET @OLD_SQL_MODE=@@SQL_MODE, SQL_MODE='NO_AUTO_VALUE_ON_ZERO' */;
/*!40111 SET @OLD_SQL_NOTES=@@SQL_NOTES, SQL_NOTES=0 */;

--
-- Table structure for table `appointments`
--

DROP TABLE IF EXISTS `appointments`;
/*!40101 SET @saved_cs_client     = @@character_set_client */;
/*!50503 SET character_set_client = utf8mb4 */;
CREATE TABLE `appointments` (
  `appointment_id` int DEFAULT NULL,
  `patient_id` int DEFAULT NULL,
  `doctor_id` int DEFAULT NULL,
  `appointment_date` text,
  `reason` text
) ENGINE=InnoDB DEFAULT CHARSET=utf8mb4 COLLATE=utf8mb4_0900_ai_ci;
/*!40101 SET character_set_client = @saved_cs_client */;

--
-- Dumping data for table `appointments`
--

LOCK TABLES `appointments` WRITE;
/*!40000 ALTER TABLE `appointments` DISABLE KEYS */;
INSERT INTO `appointments` VALUES (1,203,24,'2024-08-27','Flu symptoms'),(2,220,5,'2024-08-14','Blood test'),(3,352,1,'2024-08-23','Headache'),(4,402,11,'2024-08-20','Blood test'),(5,121,9,'2024-09-05','Knee pain'),(6,166,23,'2024-09-09','Flu symptoms'),(7,402,4,'2024-08-17','Headache'),(8,215,37,'2024-08-25','Follow-up visit'),(9,244,1,'2024-09-05','Flu symptoms'),(10,36,49,'2024-08-15','Back pain'),(11,244,38,'2024-08-22','Chest pain'),(12,175,35,'2024-08-12','Knee pain'),(13,98,4,'2024-08-16','Blood test'),(14,224,24,'2024-09-01','Routine check-up'),(15,277,11,'2024-08-12','Follow-up visit'),(16,169,42,'2024-08-26','Blood test'),(17,180,30,'2024-08-17','Annual physical'),(18,423,4,'2024-09-03','Routine check-up'),(19,188,42,'2024-08-15','Back pain'),(20,235,45,'2024-08-14','Back pain'),(21,253,50,'2024-08-23','Headache'),(22,286,27,'2024-08-28','Routine check-up'),(23,152,1,'2024-08-16','Annual physical'),(24,297,12,'2024-08-14','Knee pain'),(25,100,26,'2024-08-31','Headache'),(26,180,10,'2024-09-06','Back pain'),(27,16,39,'2024-09-09','Flu symptoms'),(28,45,33,'2024-08-13','Flu symptoms'),(29,84,48,'2024-09-05','Chest pain'),(30,102,20,'2024-08-27','Blood test'),(31,338,11,'2024-08-15','Routine check-up'),(32,451,14,'2024-08-29','Routine check-up'),(33,362,26,'2024-08-14','Back pain'),(34,446,33,'2024-08-31','Routine check-up'),(35,342,30,'2024-08-18','Routine check-up'),(36,193,39,'2024-08-16','Dental check-up'),(37,56,6,'2024-09-06','Routine check-up'),(38,471,29,'2024-09-07','Chest pain'),(39,326,1,'2024-09-02','Flu symptoms'),(40,51,11,'2024-08-11','Knee pain'),(41,88,13,'2024-08-20','Chest pain'),(42,474,30,'2024-08-11','Flu symptoms'),(43,461,7,'2024-08-25','Knee pain'),(44,331,27,'2024-08-15','Chest pain'),(45,101,6,'2024-09-05','Headache'),(46,46,3,'2024-08-11','Knee pain'),(47,218,23,'2024-09-02','Back pain'),(48,486,17,'2024-09-08','Headache'),(49,64,32,'2024-08-22','Blood test'),(50,276,21,'2024-08-11','Dental check-up'),(51,244,23,'2024-08-29','Knee pain'),(52,223,32,'2024-08-26','Dental check-up'),(53,381,2,'2024-08-15','Dental check-up'),(54,314,20,'2024-08-31','Flu symptoms'),(55,423,16,'2024-09-06','Headache'),(56,24,31,'2024-08-17','Follow-up visit'),(57,264,37,'2024-08-14','Annual physical'),(58,277,4,'2024-08-12','Knee pain'),(59,339,50,'2024-09-05','Knee pain'),(60,167,26,'2024-09-06','Follow-up visit'),(61,440,10,'2024-09-05','Headache'),(62,350,3,'2024-08-23','Back pain'),(63,229,28,'2024-09-03','Follow-up visit'),(64,149,23,'2024-08-18','Headache'),(65,24,33,'2024-08-31','Follow-up visit'),(66,310,24,'2024-08-13','Back pain'),(67,265,24,'2024-08-17','Knee pain'),(68,91,29,'2024-09-05','Chest pain'),(69,246,38,'2024-08-29','Annual physical'),(70,373,50,'2024-08-21','Dental check-up'),(71,57,37,'2024-08-22','Routine check-up'),(72,249,46,'2024-08-20','Annual physical'),(73,500,34,'2024-08-17','Blood test'),(74,26,48,'2024-09-04','Headache'),(75,401,7,'2024-09-09','Flu symptoms'),(76,174,32,'2024-08-12','Back pain'),(77,30,13,'2024-09-07','Dental check-up'),(78,63,10,'2024-08-30','Follow-up visit'),(79,72,36,'2024-08-18','Routine check-up'),(80,221,36,'2024-09-04','Headache'),(81,500,20,'2024-08-26','Knee pain'),(82,368,16,'2024-08-11','Knee pain'),(83,124,12,'2024-09-06','Flu symptoms'),(84,157,47,'2024-09-02','Back pain'),(85,367,11,'2024-08-14','Knee pain'),(86,211,25,'2024-09-03','Headache'),(87,148,28,'2024-08-27','Dental check-up'),(88,443,26,'2024-08-12','Routine check-up'),(89,165,42,'2024-09-02','Chest pain'),(90,191,23,'2024-08-16','Follow-up visit'),(91,499,44,'2024-09-09','Headache'),(92,393,1,'2024-09-06','Knee pain'),(93,233,48,'2024-08-29','Blood test'),(94,22,43,'2024-08-10','Follow-up visit'),(95,419,28,'2024-08-15','Routine check-up'),(96,234,31,'2024-08-24','Chest pain'),(97,322,7,'2024-08-13','Blood test'),(98,271,3,'2024-08-17','Flu symptoms'),(99,300,17,'2024-09-05','Flu symptoms'),(100,50,22,'2024-08-24','Knee pain'),(101,81,6,'2024-08-23','Follow-up visit'),(102,188,4,'2024-08-22','Routine check-up'),(103,130,23,'2024-09-09','Back pain'),(104,168,13,'2024-09-03','Follow-up visit'),(105,14,46,'2024-09-03','Annual physical'),(106,77,39,'2024-08-24','Headache'),(107,109,36,'2024-08-17','Blood test'),(108,163,21,'2024-08-29','Headache'),(109,311,8,'2024-08-15','Headache'),(110,490,40,'2024-09-03','Follow-up visit'),(111,262,39,'2024-08-31','Blood test'),(112,223,1,'2024-08-21','Chest pain'),(113,483,15,'2024-08-17','Knee pain'),(114,370,22,'2024-08-10','Chest pain'),(115,98,42,'2024-08-19','Headache'),(116,86,47,'2024-08-15','Knee pain'),(117,18,20,'2024-08-12','Dental check-up'),(118,157,6,'2024-08-21','Annual physical'),(119,151,47,'2024-08-17','Dental check-up'),(120,482,18,'2024-09-09','Back pain'),(121,246,1,'2024-08-15','Dental check-up'),(122,470,47,'2024-09-03','Follow-up visit'),(123,115,13,'2024-08-25','Annual physical'),(124,228,4,'2024-08-25','Knee pain'),(125,297,36,'2024-09-06','Dental check-up'),(126,313,43,'2024-08-13','Annual physical'),(127,158,32,'2024-08-15','Routine check-up'),(128,349,22,'2024-08-16','Annual physical'),(129,418,43,'2024-08-10','Chest pain'),(130,166,11,'2024-08-28','Flu symptoms'),(131,342,6,'2024-08-21','Chest pain'),(132,473,43,'2024-08-11','Headache'),(133,69,35,'2024-08-14','Knee pain'),(134,195,22,'2024-08-16','Routine check-up'),(135,422,34,'2024-08-21','Dental check-up'),(136,89,37,'2024-09-01','Dental check-up'),(137,308,2,'2024-08-16','Follow-up visit'),(138,218,36,'2024-09-04','Blood test'),(139,11,17,'2024-08-24','Follow-up visit'),(140,50,47,'2024-08-20','Back pain'),(141,177,19,'2024-08-14','Routine check-up'),(142,216,45,'2024-08-30','Routine check-up'),(143,432,21,'2024-09-03','Annual physical'),(144,133,24,'2024-08-11','Blood test'),(145,332,42,'2024-08-29','Chest pain'),(146,392,25,'2024-08-23','Dental check-up'),(147,160,44,'2024-09-02','Dental check-up'),(148,117,48,'2024-08-26','Chest pain'),(149,312,16,'2024-09-02','Headache'),(150,479,43,'2024-08-17','Knee pain'),(151,380,44,'2024-08-19','Dental check-up'),(152,149,7,'2024-08-25','Follow-up visit'),(153,30,42,'2024-09-03','Blood test'),(154,61,43,'2024-08-20','Back pain'),(155,312,40,'2024-08-12','Routine check-up'),(156,310,25,'2024-08-21','Follow-up visit'),(157,62,21,'2024-08-18','Annual physical'),(158,79,2,'2024-09-03','Annual physical'),(159,68,38,'2024-09-04','Follow-up visit'),(160,341,36,'2024-09-09','Headache'),(161,454,34,'2024-08-21','Routine check-up'),(162,489,37,'2024-08-16','Chest pain'),(163,108,46,'2024-09-05','Dental check-up'),(164,452,14,'2024-08-28','Flu symptoms'),(165,336,8,'2024-08-23','Chest pain'),(166,67,44,'2024-08-12','Annual physical'),(167,340,1,'2024-09-01','Blood test'),(168,46,4,'2024-08-15','Headache'),(169,320,32,'2024-08-12','Routine check-up'),(170,385,20,'2024-09-07','Flu symptoms'),(171,391,28,'2024-09-03','Headache'),(172,20,43,'2024-08-17','Knee pain'),(173,327,2,'2024-08-11','Follow-up visit'),(174,8,29,'2024-08-20','Routine check-up'),(175,47,28,'2024-09-05','Back pain'),(176,472,25,'2024-09-06','Back pain'),(177,13,47,'2024-08-28','Flu symptoms'),(178,315,41,'2024-08-22','Blood test'),(179,455,28,'2024-08-27','Knee pain'),(180,273,16,'2024-08-31','Back pain'),(181,312,24,'2024-08-11','Blood test'),(182,232,10,'2024-09-03','Back pain'),(183,331,5,'2024-08-18','Annual physical'),(184,268,43,'2024-08-20','Headache'),(185,29,40,'2024-09-08','Flu symptoms'),(186,6,29,'2024-08-29','Routine check-up'),(187,41,9,'2024-09-06','Headache'),(188,227,4,'2024-08-31','Annual physical'),(189,267,23,'2024-09-06','Knee pain'),(190,312,36,'2024-09-01','Chest pain'),(191,395,45,'2024-08-29','Follow-up visit'),(192,124,4,'2024-08-27','Chest pain'),(193,347,47,'2024-09-01','Dental check-up'),(194,204,33,'2024-08-20','Chest pain'),(195,458,3,'2024-09-01','Annual physical'),(196,171,12,'2024-08-27','Annual physical'),(197,368,15,'2024-09-06','Flu symptoms'),(198,207,2,'2024-09-02','Dental check-up'),(199,385,19,'2024-08-15','Knee pain'),(200,291,8,'2024-09-02','Routine check-up'),(201,381,38,'2024-08-31','Back pain'),(202,407,43,'2024-09-05','Follow-up visit'),(203,77,17,'2024-08-10','Dental check-up'),(204,449,14,'2024-08-13','Flu symptoms'),(205,116,45,'2024-08-27','Blood test'),(206,126,40,'2024-09-01','Chest pain'),(207,59,11,'2024-08-29','Back pain'),(208,365,26,'2024-09-01','Back pain'),(209,438,21,'2024-08-29','Annual physical'),(210,66,17,'2024-08-11','Chest pain'),(211,350,43,'2024-08-11','Routine check-up'),(212,476,43,'2024-08-24','Flu symptoms'),(213,291,50,'2024-08-13','Back pain'),(214,361,32,'2024-09-06','Annual physical'),(215,86,19,'2024-09-02','Back pain'),(216,240,50,'2024-08-25','Back pain'),(217,325,21,'2024-09-03','Headache'),(218,203,5,'2024-09-07','Follow-up visit'),(219,419,15,'2024-08-20','Headache'),(220,372,25,'2024-09-09','Blood test'),(221,357,6,'2024-08-25','Headache'),(222,386,23,'2024-08-15','Knee pain'),(223,471,10,'2024-08-27','Chest pain'),(224,376,26,'2024-08-27','Chest pain'),(225,411,31,'2024-09-01','Follow-up visit'),(226,464,38,'2024-08-24','Blood test'),(227,464,42,'2024-08-31','Back pain'),(228,294,30,'2024-08-20','Blood test'),(229,441,37,'2024-09-07','Back pain'),(230,243,21,'2024-08-20','Headache'),(231,50,47,'2024-08-21','Annual physical'),(232,360,7,'2024-08-30','Follow-up visit'),(233,171,33,'2024-08-29','Routine check-up'),(234,272,35,'2024-08-24','Chest pain'),(235,159,20,'2024-08-11','Dental check-up'),(236,245,48,'2024-08-30','Headache'),(237,407,17,'2024-08-17','Blood test'),(238,201,31,'2024-09-02','Chest pain'),(239,371,13,'2024-08-12','Headache'),(240,439,29,'2024-09-04','Dental check-up'),(241,249,43,'2024-09-05','Back pain'),(242,107,20,'2024-08-28','Flu symptoms'),(243,421,21,'2024-08-27','Routine check-up'),(244,283,26,'2024-08-23','Follow-up visit'),(245,259,45,'2024-08-23','Blood test'),(246,296,18,'2024-09-05','Follow-up visit'),(247,434,46,'2024-09-03','Blood test'),(248,150,23,'2024-09-01','Blood test'),(249,236,4,'2024-09-07','Dental check-up'),(250,7,37,'2024-08-18','Chest pain'),(251,244,7,'2024-08-14','Chest pain'),(252,485,26,'2024-09-03','Dental check-up'),(253,336,28,'2024-09-01','Headache'),(254,8,37,'2024-08-25','Chest pain'),(255,312,29,'2024-09-04','Follow-up visit'),(256,248,34,'2024-08-23','Knee pain'),(257,390,33,'2024-08-23','Headache'),(258,380,40,'2024-08-10','Back pain'),(259,341,35,'2024-09-06','Flu symptoms'),(260,362,22,'2024-08-24','Chest pain'),(261,432,19,'2024-09-07','Dental check-up'),(262,99,20,'2024-09-04','Flu symptoms'),(263,487,16,'2024-08-22','Blood test'),(264,118,49,'2024-08-11','Blood test'),(265,45,46,'2024-08-11','Annual physical'),(266,183,15,'2024-08-16','Blood test'),(267,393,42,'2024-08-18','Routine check-up'),(268,186,24,'2024-08-21','Chest pain'),(269,23,46,'2024-09-03','Follow-up visit'),(270,50,43,'2024-09-03','Chest pain'),(271,218,40,'2024-08-25','Headache'),(272,325,44,'2024-09-03','Flu symptoms'),(273,187,1,'2024-08-13','Chest pain'),(274,497,37,'2024-09-06','Knee pain'),(275,9,4,'2024-09-04','Back pain'),(276,431,9,'2024-08-22','Headache'),(277,197,24,'2024-08-12','Blood test'),(278,442,48,'2024-08-24','Routine check-up'),(279,256,5,'2024-08-24','Follow-up visit'),(280,77,39,'2024-08-20','Follow-up visit'),(281,496,47,'2024-09-09','Knee pain'),(282,60,48,'2024-08-22','Headache'),(283,377,18,'2024-08-22','Flu symptoms'),(284,97,48,'2024-08-24','Headache'),(285,6,15,'2024-08-15','Back pain'),(286,286,11,'2024-08-16','Chest pain'),(287,337,15,'2024-08-25','Flu symptoms'),(288,150,45,'2024-08-20','Follow-up visit'),(289,421,15,'2024-08-15','Follow-up visit'),(290,248,46,'2024-09-08','Chest pain'),(291,264,6,'2024-08-26','Back pain'),(292,424,43,'2024-08-11','Routine check-up'),(293,132,28,'2024-09-07','Dental check-up'),(294,307,31,'2024-09-04','Chest pain'),(295,128,4,'2024-08-13','Knee pain'),(296,179,29,'2024-08-16','Knee pain'),(297,333,32,'2024-08-26','Blood test'),(298,330,8,'2024-08-20','Chest pain'),(299,196,38,'2024-09-02','Chest pain'),(300,370,3,'2024-09-04','Follow-up visit'),(301,496,18,'2024-08-23','Follow-up visit'),(302,193,7,'2024-08-25','Dental check-up'),(303,1,27,'2024-09-08','Dental check-up'),(304,494,2,'2024-09-03','Follow-up visit'),(305,422,12,'2024-09-09','Back pain'),(306,423,11,'2024-08-13','Follow-up visit'),(307,491,1,'2024-09-09','Knee pain'),(308,14,18,'2024-08-22','Dental check-up'),(309,285,1,'2024-09-09','Follow-up visit'),(310,311,40,'2024-08-10','Chest pain'),(311,260,40,'2024-08-27','Back pain'),(312,115,14,'2024-09-06','Back pain'),(313,45,47,'2024-09-08','Flu symptoms'),(314,289,38,'2024-09-08','Headache'),(315,480,15,'2024-09-05','Blood test'),(316,274,19,'2024-08-20','Blood test'),(317,453,20,'2024-09-01','Knee pain'),(318,320,35,'2024-08-12','Annual physical'),(319,439,47,'2024-09-04','Knee pain'),(320,390,45,'2024-08-20','Back pain'),(321,186,17,'2024-08-24','Flu symptoms'),(322,315,7,'2024-08-30','Routine check-up'),(323,211,26,'2024-09-02','Routine check-up'),(324,210,1,'2024-08-30','Knee pain'),(325,370,17,'2024-08-14','Dental check-up'),(326,89,5,'2024-08-20','Annual physical'),(327,419,22,'2024-09-03','Chest pain'),(328,111,37,'2024-09-03','Flu symptoms'),(329,350,19,'2024-08-21','Annual physical'),(330,464,43,'2024-08-23','Headache'),(331,262,39,'2024-08-24','Blood test'),(332,79,46,'2024-09-04','Dental check-up'),(333,95,49,'2024-08-27','Chest pain'),(334,429,22,'2024-09-08','Annual physical'),(335,26,12,'2024-09-05','Flu symptoms'),(336,89,10,'2024-08-13','Routine check-up'),(337,169,49,'2024-09-02','Chest pain'),(338,9,35,'2024-08-24','Back pain'),(339,220,19,'2024-09-03','Knee pain'),(340,317,1,'2024-08-27','Follow-up visit'),(341,386,39,'2024-08-21','Chest pain'),(342,138,3,'2024-08-24','Chest pain'),(343,240,35,'2024-08-19','Annual physical'),(344,236,21,'2024-09-08','Follow-up visit'),(345,132,45,'2024-08-22','Chest pain'),(346,223,15,'2024-09-08','Follow-up visit'),(347,83,49,'2024-09-08','Knee pain'),(348,4,12,'2024-08-17','Back pain'),(349,449,8,'2024-08-26','Chest pain'),(350,111,35,'2024-08-30','Knee pain'),(351,28,37,'2024-09-02','Routine check-up'),(352,365,41,'2024-08-23','Blood test'),(353,352,7,'2024-08-31','Knee pain'),(354,130,16,'2024-08-31','Back pain'),(355,288,34,'2024-08-31','Knee pain'),(356,384,46,'2024-08-29','Back pain'),(357,420,17,'2024-08-24','Knee pain'),(358,209,44,'2024-08-30','Flu symptoms'),(359,231,50,'2024-08-17','Knee pain'),(360,180,39,'2024-08-30','Knee pain'),(361,499,26,'2024-08-25','Flu symptoms'),(362,197,23,'2024-08-21','Dental check-up'),(363,131,41,'2024-08-28','Headache'),(364,287,12,'2024-08-28','Routine check-up'),(365,155,11,'2024-08-16','Routine check-up'),(366,431,15,'2024-08-26','Chest pain'),(367,206,5,'2024-08-14','Headache'),(368,438,11,'2024-09-01','Annual physical'),(369,52,35,'2024-08-29','Annual physical'),(370,64,26,'2024-08-25','Headache'),(371,272,35,'2024-08-16','Annual physical'),(372,62,17,'2024-09-09','Knee pain'),(373,231,20,'2024-09-04','Dental check-up'),(374,134,8,'2024-08-13','Knee pain'),(375,404,19,'2024-08-16','Dental check-up'),(376,281,34,'2024-09-04','Follow-up visit'),(377,27,12,'2024-08-24','Headache'),(378,102,34,'2024-09-07','Chest pain'),(379,409,34,'2024-08-16','Follow-up visit'),(380,458,19,'2024-08-28','Follow-up visit'),(381,475,43,'2024-08-20','Blood test'),(382,38,1,'2024-08-28','Blood test'),(383,115,38,'2024-08-21','Back pain'),(384,487,40,'2024-08-31','Routine check-up'),(385,14,14,'2024-08-15','Flu symptoms'),(386,83,10,'2024-08-16','Dental check-up'),(387,373,50,'2024-09-08','Blood test'),(388,229,42,'2024-08-11','Routine check-up'),(389,153,2,'2024-09-06','Headache'),(390,132,35,'2024-08-21','Routine check-up'),(391,470,42,'2024-08-13','Chest pain'),(392,98,37,'2024-08-16','Headache'),(393,190,4,'2024-08-23','Knee pain'),(394,324,5,'2024-09-02','Knee pain'),(395,369,41,'2024-08-10','Follow-up visit'),(396,226,26,'2024-09-08','Dental check-up'),(397,158,18,'2024-08-16','Annual physical'),(398,229,11,'2024-08-25','Headache'),(399,366,23,'2024-08-24','Flu symptoms'),(400,142,33,'2024-08-21','Dental check-up'),(401,424,19,'2024-09-05','Annual physical'),(402,191,36,'2024-09-03','Knee pain'),(403,60,38,'2024-08-20','Knee pain'),(404,278,20,'2024-09-07','Dental check-up'),(405,46,10,'2024-08-23','Annual physical'),(406,268,7,'2024-08-31','Annual physical'),(407,396,42,'2024-09-01','Knee pain'),(408,150,42,'2024-08-27','Routine check-up'),(409,251,6,'2024-09-09','Knee pain'),(410,78,22,'2024-08-19','Headache'),(411,351,3,'2024-08-25','Flu symptoms'),(412,292,2,'2024-08-13','Knee pain'),(413,369,38,'2024-08-19','Follow-up visit'),(414,13,20,'2024-08-16','Dental check-up'),(415,344,38,'2024-08-11','Blood test'),(416,401,43,'2024-09-03','Flu symptoms'),(417,176,7,'2024-09-02','Dental check-up'),(418,444,32,'2024-08-20','Headache'),(419,192,9,'2024-08-26','Flu symptoms'),(420,392,29,'2024-09-04','Blood test'),(421,440,36,'2024-08-15','Headache'),(422,149,36,'2024-08-25','Follow-up visit'),(423,443,29,'2024-08-14','Headache'),(424,13,17,'2024-08-21','Follow-up visit'),(425,306,19,'2024-09-01','Flu symptoms'),(426,235,45,'2024-08-23','Follow-up visit'),(427,157,27,'2024-08-26','Routine check-up'),(428,85,31,'2024-08-17','Dental check-up'),(429,126,34,'2024-08-27','Headache'),(430,488,1,'2024-08-20','Knee pain'),(431,357,28,'2024-09-09','Knee pain'),(432,396,20,'2024-08-16','Dental check-up'),(433,168,41,'2024-08-14','Blood test'),(434,443,8,'2024-08-11','Blood test'),(435,334,5,'2024-08-15','Annual physical'),(436,438,8,'2024-08-27','Knee pain'),(437,49,21,'2024-09-06','Back pain'),(438,206,17,'2024-08-28','Back pain'),(439,246,28,'2024-08-20','Flu symptoms'),(440,13,21,'2024-08-23','Routine check-up'),(441,425,32,'2024-08-17','Knee pain'),(442,335,36,'2024-08-22','Chest pain'),(443,48,23,'2024-08-22','Routine check-up'),(444,369,6,'2024-08-12','Dental check-up'),(445,59,14,'2024-08-15','Headache'),(446,132,34,'2024-08-16','Dental check-up'),(447,335,29,'2024-09-09','Headache'),(448,400,14,'2024-08-15','Knee pain'),(449,220,15,'2024-08-19','Flu symptoms'),(450,499,9,'2024-08-30','Back pain'),(451,125,2,'2024-08-25','Flu symptoms'),(452,11,39,'2024-09-08','Annual physical'),(453,156,50,'2024-08-15','Blood test'),(454,55,22,'2024-09-04','Chest pain'),(455,99,50,'2024-08-14','Headache'),(456,305,31,'2024-08-30','Dental check-up'),(457,336,22,'2024-09-03','Follow-up visit'),(458,302,24,'2024-08-30','Annual physical'),(459,274,10,'2024-08-17','Routine check-up'),(460,474,33,'2024-09-08','Routine check-up'),(461,423,15,'2024-08-23','Flu symptoms'),(462,409,47,'2024-09-09','Flu symptoms'),(463,75,13,'2024-09-04','Flu symptoms'),(464,248,47,'2024-08-12','Dental check-up'),(465,134,20,'2024-09-04','Knee pain'),(466,101,11,'2024-08-25','Annual physical'),(467,255,4,'2024-09-09','Dental check-up'),(468,257,1,'2024-08-24','Annual physical'),(469,458,10,'2024-08-19','Flu symptoms'),(470,161,38,'2024-09-03','Back pain'),(471,40,4,'2024-08-13','Chest pain'),(472,232,23,'2024-08-13','Back pain'),(473,397,17,'2024-08-18','Blood test'),(474,41,50,'2024-08-17','Annual physical'),(475,76,14,'2024-08-12','Back pain'),(476,432,7,'2024-08-22','Blood test'),(477,482,48,'2024-08-15','Annual physical'),(478,375,14,'2024-08-12','Back pain'),(479,50,22,'2024-08-21','Annual physical'),(480,198,43,'2024-08-21','Knee pain'),(481,121,29,'2024-08-16','Follow-up visit'),(482,150,35,'2024-08-20','Blood test'),(483,282,29,'2024-08-11','Chest pain'),(484,378,24,'2024-09-07','Dental check-up'),(485,20,5,'2024-09-01','Annual physical'),(486,99,30,'2024-08-20','Annual physical'),(487,3,22,'2024-08-14','Blood test'),(488,64,10,'2024-08-30','Follow-up visit'),(489,90,30,'2024-08-23','Dental check-up'),(490,81,42,'2024-08-25','Back pain'),(491,132,26,'2024-08-18','Chest pain'),(492,451,23,'2024-08-22','Flu symptoms'),(493,152,32,'2024-08-17','Chest pain'),(494,349,50,'2024-08-18','Knee pain'),(495,389,8,'2024-08-21','Routine check-up'),(496,79,32,'2024-08-23','Chest pain'),(497,55,47,'2024-08-25','Dental check-up'),(498,495,5,'2024-08-26','Blood test'),(499,63,8,'2024-08-21','Knee pain'),(500,267,27,'2024-09-01','Follow-up visit'),(501,246,33,'2024-09-05','Knee pain'),(502,223,40,'2024-09-07','Dental check-up'),(503,245,4,'2024-08-16','Back pain'),(504,408,44,'2024-08-21','Chest pain'),(505,85,12,'2024-09-05','Back pain'),(506,267,13,'2024-08-31','Flu symptoms'),(507,157,21,'2024-09-04','Headache'),(508,3,4,'2024-09-07','Knee pain'),(509,328,16,'2024-08-18','Flu symptoms'),(510,427,38,'2024-08-29','Dental check-up'),(511,164,29,'2024-08-20','Chest pain'),(512,471,13,'2024-09-02','Knee pain'),(513,64,15,'2024-09-04','Flu symptoms'),(514,403,32,'2024-08-10','Blood test'),(515,66,31,'2024-08-11','Annual physical'),(516,227,10,'2024-09-01','Routine check-up'),(517,361,6,'2024-08-28','Dental check-up'),(518,13,17,'2024-09-02','Dental check-up'),(519,37,15,'2024-08-20','Flu symptoms'),(520,4,19,'2024-08-20','Follow-up visit'),(521,151,34,'2024-08-10','Flu symptoms'),(522,389,23,'2024-08-16','Headache'),(523,95,3,'2024-09-06','Headache'),(524,145,37,'2024-08-14','Headache'),(525,74,35,'2024-09-05','Follow-up visit'),(526,284,12,'2024-09-01','Flu symptoms'),(527,432,44,'2024-08-19','Chest pain'),(528,45,8,'2024-08-29','Dental check-up'),(529,312,41,'2024-08-18','Knee pain'),(530,492,6,'2024-08-18','Knee pain'),(531,223,13,'2024-08-28','Chest pain'),(532,494,5,'2024-08-27','Routine check-up'),(533,390,30,'2024-08-31','Routine check-up'),(534,195,35,'2024-08-11','Chest pain'),(535,301,21,'2024-08-31','Back pain'),(536,313,11,'2024-08-22','Knee pain'),(537,256,29,'2024-08-21','Flu symptoms'),(538,246,23,'2024-08-21','Routine check-up'),(539,478,15,'2024-09-01','Annual physical'),(540,176,32,'2024-08-16','Back pain'),(541,289,26,'2024-09-04','Annual physical'),(542,270,40,'2024-09-07','Headache'),(543,228,7,'2024-09-09','Follow-up visit'),(544,143,26,'2024-08-16','Headache'),(545,295,47,'2024-08-20','Routine check-up'),(546,207,38,'2024-09-03','Chest pain'),(547,25,46,'2024-08-26','Chest pain'),(548,333,4,'2024-09-04','Blood test'),(549,468,24,'2024-08-20','Chest pain'),(550,15,15,'2024-08-21','Blood test'),(551,378,18,'2024-08-16','Annual physical'),(552,404,35,'2024-08-24','Annual physical'),(553,197,13,'2024-08-30','Knee pain'),(554,168,33,'2024-08-24','Blood test'),(555,495,17,'2024-08-24','Headache'),(556,469,38,'2024-09-08','Dental check-up'),(557,370,40,'2024-09-07','Headache'),(558,11,16,'2024-08-26','Knee pain'),(559,338,42,'2024-08-15','Knee pain'),(560,154,36,'2024-08-22','Headache'),(561,422,4,'2024-09-03','Flu symptoms'),(562,372,9,'2024-09-09','Knee pain'),(563,462,7,'2024-08-12','Routine check-up'),(564,457,2,'2024-08-26','Chest pain'),(565,309,10,'2024-09-04','Annual physical'),(566,450,5,'2024-08-28','Annual physical'),(567,294,2,'2024-08-23','Chest pain'),(568,265,34,'2024-08-24','Follow-up visit'),(569,129,48,'2024-09-04','Blood test'),(570,495,39,'2024-08-25','Headache'),(571,361,36,'2024-08-12','Flu symptoms'),(572,388,11,'2024-09-05','Flu symptoms'),(573,73,2,'2024-08-11','Knee pain'),(574,364,7,'2024-08-14','Blood test'),(575,425,32,'2024-08-22','Headache'),(576,357,26,'2024-08-18','Flu symptoms'),(577,48,38,'2024-08-13','Knee pain'),(578,401,4,'2024-08-17','Back pain'),(579,335,15,'2024-08-25','Chest pain'),(580,45,42,'2024-08-15','Routine check-up'),(581,447,31,'2024-08-30','Chest pain'),(582,162,49,'2024-08-12','Blood test'),(583,89,30,'2024-08-16','Chest pain'),(584,255,8,'2024-09-03','Dental check-up'),(585,1,40,'2024-08-30','Dental check-up'),(586,139,14,'2024-08-22','Headache'),(587,361,41,'2024-08-22','Dental check-up'),(588,389,21,'2024-08-27','Follow-up visit'),(589,399,14,'2024-09-03','Back pain'),(590,474,32,'2024-08-20','Annual physical'),(591,153,49,'2024-08-10','Annual physical'),(592,439,49,'2024-08-26','Flu symptoms'),(593,257,29,'2024-09-06','Flu symptoms'),(594,372,38,'2024-09-09','Annual physical'),(595,329,16,'2024-08-27','Headache'),(596,36,10,'2024-08-14','Blood test'),(597,196,28,'2024-08-26','Flu symptoms'),(598,270,49,'2024-08-18','Routine check-up'),(599,301,49,'2024-08-22','Back pain'),(600,291,3,'2024-08-29','Follow-up visit'),(601,340,35,'2024-08-14','Headache'),(602,129,6,'2024-09-03','Dental check-up'),(603,389,37,'2024-08-23','Flu symptoms'),(604,207,45,'2024-08-18','Back pain'),(605,141,18,'2024-08-29','Dental check-up'),(606,454,9,'2024-08-23','Headache'),(607,110,47,'2024-09-06','Annual physical'),(608,338,10,'2024-08-31','Flu symptoms'),(609,299,15,'2024-08-11','Flu symptoms'),(610,444,15,'2024-08-22','Annual physical'),(611,331,3,'2024-09-09','Back pain'),(612,80,19,'2024-08-12','Follow-up visit'),(613,428,13,'2024-08-29','Routine check-up'),(614,434,38,'2024-08-16','Headache'),(615,231,9,'2024-09-04','Headache'),(616,243,6,'2024-08-10','Annual physical'),(617,174,26,'2024-08-24','Blood test'),(618,57,3,'2024-08-14','Headache'),(619,6,21,'2024-08-14','Dental check-up'),(620,279,22,'2024-09-08','Knee pain'),(621,312,43,'2024-08-23','Follow-up visit'),(622,465,8,'2024-08-16','Annual physical'),(623,217,41,'2024-08-13','Routine check-up'),(624,387,48,'2024-09-03','Blood test'),(625,325,5,'2024-08-20','Dental check-up'),(626,154,18,'2024-09-05','Annual physical'),(627,63,49,'2024-08-12','Annual physical'),(628,156,3,'2024-09-02','Knee pain'),(629,76,36,'2024-08-27','Dental check-up'),(630,32,47,'2024-08-16','Headache'),(631,270,49,'2024-08-15','Dental check-up'),(632,140,38,'2024-08-28','Routine check-up'),(633,225,45,'2024-09-04','Chest pain'),(634,70,19,'2024-09-06','Back pain'),(635,284,27,'2024-08-14','Dental check-up'),(636,163,23,'2024-09-05','Dental check-up'),(637,395,11,'2024-09-02','Annual physical'),(638,100,36,'2024-08-16','Chest pain'),(639,215,7,'2024-08-23','Follow-up visit'),(640,176,12,'2024-08-28','Dental check-up'),(641,305,15,'2024-09-03','Knee pain'),(642,314,3,'2024-08-23','Dental check-up'),(643,442,10,'2024-08-22','Blood test'),(644,101,15,'2024-09-09','Chest pain'),(645,28,4,'2024-09-09','Annual physical'),(646,297,4,'2024-09-07','Dental check-up'),(647,7,29,'2024-08-30','Follow-up visit'),(648,158,24,'2024-08-15','Follow-up visit'),(649,10,31,'2024-08-11','Dental check-up'),(650,344,19,'2024-09-01','Routine check-up'),(651,241,21,'2024-08-14','Back pain'),(652,148,29,'2024-09-04','Knee pain'),(653,262,28,'2024-08-25','Annual physical'),(654,485,9,'2024-08-29','Back pain'),(655,226,46,'2024-08-13','Routine check-up'),(656,455,9,'2024-09-01','Back pain'),(657,123,41,'2024-08-11','Blood test'),(658,233,18,'2024-08-24','Follow-up visit'),(659,298,25,'2024-08-24','Blood test'),(660,327,20,'2024-08-12','Headache'),(661,299,48,'2024-09-03','Dental check-up'),(662,118,21,'2024-09-05','Chest pain'),(663,209,36,'2024-08-23','Follow-up visit'),(664,254,40,'2024-08-10','Flu symptoms'),(665,260,9,'2024-09-07','Blood test'),(666,330,39,'2024-08-14','Annual physical'),(667,112,3,'2024-08-13','Flu symptoms'),(668,158,1,'2024-09-04','Flu symptoms'),(669,94,10,'2024-08-20','Blood test'),(670,454,29,'2024-08-15','Follow-up visit'),(671,137,10,'2024-08-16','Headache'),(672,340,6,'2024-09-01','Headache'),(673,435,4,'2024-09-06','Back pain'),(674,83,29,'2024-08-17','Flu symptoms'),(675,39,17,'2024-08-27','Blood test'),(676,392,16,'2024-09-02','Flu symptoms'),(677,369,32,'2024-08-23','Annual physical'),(678,185,7,'2024-09-03','Blood test'),(679,189,32,'2024-08-22','Routine check-up'),(680,364,1,'2024-09-04','Back pain'),(681,346,36,'2024-09-06','Chest pain'),(682,14,36,'2024-08-10','Chest pain'),(683,225,18,'2024-08-21','Back pain'),(684,23,47,'2024-08-17','Routine check-up'),(685,261,5,'2024-08-17','Headache'),(686,410,46,'2024-08-10','Annual physical'),(687,294,10,'2024-08-27','Knee pain'),(688,125,19,'2024-08-20','Follow-up visit'),(689,326,17,'2024-08-13','Chest pain'),(690,36,46,'2024-08-27','Flu symptoms'),(691,139,9,'2024-08-16','Dental check-up'),(692,164,13,'2024-09-06','Dental check-up'),(693,378,5,'2024-08-13','Back pain'),(694,99,17,'2024-09-03','Follow-up visit'),(695,21,27,'2024-08-15','Knee pain'),(696,335,10,'2024-08-27','Back pain'),(697,432,36,'2024-09-02','Routine check-up'),(698,358,1,'2024-08-21','Back pain'),(699,312,7,'2024-08-12','Follow-up visit'),(700,478,21,'2024-09-01','Headache'),(701,217,17,'2024-08-24','Routine check-up'),(702,354,29,'2024-08-12','Chest pain'),(703,375,50,'2024-09-04','Routine check-up'),(704,324,20,'2024-08-19','Back pain'),(705,92,22,'2024-08-22','Back pain'),(706,214,16,'2024-08-25','Knee pain'),(707,213,6,'2024-08-14','Dental check-up'),(708,61,15,'2024-08-11','Dental check-up'),(709,274,1,'2024-08-15','Dental check-up'),(710,232,20,'2024-08-18','Blood test'),(711,354,11,'2024-09-08','Back pain'),(712,282,7,'2024-08-25','Back pain'),(713,147,8,'2024-08-14','Routine check-up'),(714,149,4,'2024-09-04','Chest pain'),(715,366,39,'2024-09-05','Chest pain'),(716,428,36,'2024-08-18','Back pain'),(717,20,50,'2024-09-09','Annual physical'),(718,36,38,'2024-08-11','Flu symptoms'),(719,470,44,'2024-08-13','Back pain'),(720,200,7,'2024-08-20','Dental check-up'),(721,353,49,'2024-08-25','Back pain'),(722,292,41,'2024-08-26','Dental check-up'),(723,393,14,'2024-08-12','Back pain'),(724,66,20,'2024-08-25','Follow-up visit'),(725,409,36,'2024-08-20','Back pain'),(726,48,17,'2024-08-20','Blood test'),(727,257,25,'2024-08-27','Routine check-up'),(728,225,47,'2024-09-05','Chest pain'),(729,49,47,'2024-08-26','Dental check-up'),(730,129,11,'2024-08-19','Dental check-up'),(731,391,24,'2024-08-20','Chest pain'),(732,399,17,'2024-08-11','Follow-up visit'),(733,402,24,'2024-08-10','Dental check-up'),(734,232,33,'2024-09-08','Back pain'),(735,399,41,'2024-09-09','Annual physical'),(736,487,15,'2024-08-23','Dental check-up'),(737,251,36,'2024-09-04','Flu symptoms'),(738,167,29,'2024-08-30','Routine check-up'),(739,386,4,'2024-08-24','Dental check-up'),(740,356,7,'2024-09-03','Knee pain'),(741,198,31,'2024-08-15','Headache'),(742,186,1,'2024-08-30','Annual physical'),(743,466,42,'2024-08-23','Chest pain'),(744,1,50,'2024-08-15','Dental check-up'),(745,306,19,'2024-08-10','Flu symptoms'),(746,54,12,'2024-08-14','Follow-up visit'),(747,331,21,'2024-08-23','Back pain'),(748,297,25,'2024-09-09','Knee pain'),(749,22,38,'2024-09-09','Chest pain'),(750,280,3,'2024-08-22','Follow-up visit'),(751,497,40,'2024-08-11','Flu symptoms'),(752,479,30,'2024-09-06','Back pain'),(753,282,7,'2024-08-22','Back pain'),(754,121,24,'2024-08-14','Chest pain'),(755,387,25,'2024-09-09','Follow-up visit'),(756,354,7,'2024-08-19','Follow-up visit'),(757,455,27,'2024-08-13','Routine check-up'),(758,445,30,'2024-09-05','Dental check-up'),(759,112,13,'2024-08-31','Routine check-up'),(760,188,38,'2024-08-11','Headache'),(761,399,9,'2024-08-19','Follow-up visit'),(762,429,24,'2024-09-01','Flu symptoms'),(763,40,32,'2024-08-14','Flu symptoms'),(764,82,43,'2024-08-25','Routine check-up'),(765,306,1,'2024-08-19','Back pain'),(766,429,43,'2024-09-01','Flu symptoms'),(767,12,13,'2024-08-16','Routine check-up'),(768,41,14,'2024-08-12','Knee pain'),(769,26,31,'2024-09-03','Flu symptoms'),(770,223,41,'2024-08-27','Blood test'),(771,243,25,'2024-08-18','Dental check-up'),(772,17,40,'2024-08-11','Chest pain'),(773,244,46,'2024-09-08','Back pain'),(774,89,41,'2024-08-27','Annual physical'),(775,304,24,'2024-09-01','Flu symptoms'),(776,339,44,'2024-08-12','Knee pain'),(777,108,46,'2024-08-25','Back pain'),(778,396,27,'2024-08-15','Follow-up visit'),(779,367,5,'2024-08-24','Chest pain'),(780,16,23,'2024-08-27','Blood test'),(781,175,9,'2024-09-02','Routine check-up'),(782,58,36,'2024-08-21','Knee pain'),(783,37,40,'2024-08-24','Annual physical'),(784,390,5,'2024-09-05','Chest pain'),(785,293,8,'2024-08-17','Annual physical'),(786,291,27,'2024-08-13','Blood test'),(787,24,29,'2024-08-20','Annual physical'),(788,481,17,'2024-09-06','Dental check-up'),(789,2,7,'2024-08-20','Follow-up visit'),(790,329,39,'2024-08-12','Follow-up visit'),(791,376,44,'2024-08-22','Follow-up visit'),(792,155,13,'2024-09-03','Dental check-up'),(793,465,12,'2024-08-29','Chest pain'),(794,73,50,'2024-08-16','Dental check-up'),(795,332,9,'2024-08-28','Headache'),(796,364,20,'2024-08-31','Back pain'),(797,435,6,'2024-08-12','Routine check-up'),(798,466,43,'2024-09-06','Chest pain'),(799,386,31,'2024-08-14','Follow-up visit'),(800,452,42,'2024-08-20','Dental check-up');
/*!40000 ALTER TABLE `appointments` ENABLE KEYS */;
UNLOCK TABLES;

--
-- Table structure for table `billing`
--

DROP TABLE IF EXISTS `billing`;
/*!40101 SET @saved_cs_client     = @@character_set_client */;
/*!50503 SET character_set_client = utf8mb4 */;
CREATE TABLE `billing` (
  `billing_id` int DEFAULT NULL,
  `appointment_id` int DEFAULT NULL,
  `amount` double DEFAULT NULL,
  `payment_date` text,
  `status` text
) ENGINE=InnoDB DEFAULT CHARSET=utf8mb4 COLLATE=utf8mb4_0900_ai_ci;
/*!40101 SET character_set_client = @saved_cs_client */;

--
-- Dumping data for table `billing`
--

LOCK TABLES `billing` WRITE;
/*!40000 ALTER TABLE `billing` DISABLE KEYS */;
INSERT INTO `billing` VALUES (1,161,4036.54,'2024-05-18','Cancelled'),(2,235,3617.01,'2023-10-06','Pending'),(3,30,3255.33,'2023-10-05','Paid'),(4,4,3560.15,'2023-09-18','Cancelled'),(5,473,2462.33,'2023-11-10','Pending'),(6,625,2628.16,'2023-11-13','Cancelled'),(7,670,3145.19,'2024-04-18','Paid'),(8,759,4163.32,'2023-10-05','Cancelled'),(9,153,2463.67,'2024-03-04','Pending'),(10,598,4959.16,'2024-05-30','Paid'),(11,412,4450.3,'2024-06-20','Pending'),(12,44,4924.37,'2024-02-06','Paid'),(13,277,2324.75,'2024-06-14','Cancelled'),(14,54,3536.75,'2024-07-15','Cancelled'),(15,280,1864.63,'2023-11-26','Cancelled'),(16,266,1143.58,'2024-02-14','Paid'),(17,594,2997.33,'2024-03-18','Cancelled'),(18,513,3446.17,'2024-08-07','Cancelled'),(19,666,1378.86,'2023-08-19','Cancelled'),(20,669,4112.38,'2023-10-10','Paid'),(21,393,1609.91,'2023-08-14','Paid'),(22,560,2852.51,'2023-10-09','Cancelled'),(23,757,2001.95,'2024-06-08','Pending'),(24,797,747.63,'2023-10-07','Cancelled'),(25,704,4736.9,'2023-11-02','Pending'),(26,56,4543.07,'2024-07-12','Cancelled'),(27,258,238.4,'2024-03-02','Paid'),(28,686,3703.29,'2024-02-13','Paid'),(29,569,3808.84,'2023-10-08','Pending'),(30,613,3643.95,'2023-12-10','Cancelled'),(31,45,2836.33,'2023-12-01','Pending'),(32,120,2434.18,'2024-03-08','Cancelled'),(33,241,2997.96,'2024-02-06','Paid'),(34,315,172.59,'2024-05-05','Paid'),(35,657,397.08,'2024-01-20','Pending'),(36,296,652.69,'2023-08-17','Cancelled'),(37,617,3199.18,'2023-09-12','Cancelled'),(38,118,4975.41,'2024-05-28','Pending'),(39,669,1378.14,'2024-03-25','Cancelled'),(40,535,1080.01,'2023-10-11','Pending'),(41,347,2972.88,'2024-06-19','Cancelled'),(42,365,603.73,'2023-11-27','Paid'),(43,423,149.41,'2023-11-30','Cancelled'),(44,699,964.92,'2023-12-27','Paid'),(45,5,4207.18,'2024-06-15','Pending'),(46,156,1335.91,'2023-10-17','Paid'),(47,366,4002.79,'2023-08-10','Cancelled'),(48,383,873.48,'2024-05-10','Paid'),(49,435,699.7,'2024-03-06','Pending'),(50,328,4596.29,'2024-06-05','Cancelled'),(51,740,1126.35,'2023-12-14','Cancelled'),(52,241,2397.62,'2023-10-05','Paid'),(53,648,2924.2,'2024-02-28','Paid'),(54,730,1500.49,'2024-04-06','Cancelled'),(55,613,4184.9,'2024-07-07','Pending'),(56,94,4643.02,'2024-07-17','Pending'),(57,90,3850.57,'2024-01-09','Pending'),(58,372,2395.65,'2024-04-28','Paid'),(59,180,1717.84,'2024-06-19','Cancelled'),(60,42,588.04,'2023-12-03','Pending'),(61,81,3771.12,'2023-10-17','Pending'),(62,612,3853.42,'2024-03-29','Cancelled'),(63,445,4908.37,'2023-10-07','Cancelled'),(64,442,3909.84,'2023-11-18','Cancelled'),(65,729,444.33,'2023-09-02','Cancelled'),(66,556,1651.4,'2024-05-17','Pending'),(67,712,335.86,'2024-01-10','Cancelled'),(68,728,508.83,'2023-11-26','Cancelled'),(69,712,2741.6,'2023-11-10','Pending'),(70,346,4535.23,'2024-03-12','Paid'),(71,286,1663.07,'2023-09-16','Paid'),(72,423,2639.55,'2024-06-01','Cancelled'),(73,235,2169.74,'2023-10-11','Pending'),(74,527,624.9,'2024-01-03','Pending'),(75,462,1343.6,'2024-06-06','Pending'),(76,42,318.27,'2023-10-29','Cancelled'),(77,306,2759.25,'2024-04-03','Cancelled'),(78,714,1889.18,'2023-11-21','Pending'),(79,193,3562,'2024-08-02','Paid'),(80,114,2869.51,'2024-03-28','Paid'),(81,683,3084.49,'2024-06-07','Cancelled'),(82,645,347.78,'2024-05-09','Paid'),(83,80,738.39,'2023-11-06','Cancelled'),(84,210,3063.27,'2023-10-12','Pending'),(85,154,136.74,'2023-11-11','Pending'),(86,662,4040.6,'2023-10-15','Pending'),(87,32,4082.8,'2023-11-21','Cancelled'),(88,223,4060.77,'2024-04-11','Paid'),(89,246,959.1,'2024-01-29','Cancelled'),(90,455,88.56,'2023-10-11','Paid'),(91,415,2494.24,'2024-05-04','Paid'),(92,477,647.33,'2024-08-01','Paid'),(93,297,2420.63,'2024-01-11','Paid'),(94,736,3764.11,'2023-09-14','Paid'),(95,192,4061.17,'2023-11-22','Paid'),(96,614,3117.86,'2023-12-04','Cancelled'),(97,380,1428.85,'2023-11-21','Cancelled'),(98,627,3550.89,'2023-08-13','Cancelled'),(99,268,1696.82,'2023-08-20','Pending'),(100,552,1537.08,'2024-04-17','Cancelled'),(101,338,4065.48,'2024-02-01','Paid'),(102,641,3361.59,'2024-07-16','Cancelled'),(103,253,3144.92,'2023-09-08','Cancelled'),(104,649,1386.13,'2024-07-21','Paid'),(105,13,793.7,'2023-11-06','Cancelled'),(106,132,497.85,'2024-01-24','Paid'),(107,375,1212.77,'2024-01-18','Paid'),(108,157,3278.62,'2023-11-01','Cancelled'),(109,507,628.74,'2024-05-27','Pending'),(110,451,4404.15,'2024-01-20','Pending'),(111,137,870.71,'2024-03-13','Pending'),(112,255,3781.3,'2024-02-09','Pending'),(113,562,523.35,'2024-08-04','Paid'),(114,168,2961.14,'2023-09-05','Paid'),(115,280,2954.17,'2024-07-15','Cancelled'),(116,570,1187.25,'2023-12-04','Cancelled'),(117,93,4728.22,'2024-02-10','Paid'),(118,41,2134.67,'2024-03-19','Paid'),(119,161,586,'2024-02-16','Paid'),(120,233,3671.58,'2024-08-03','Cancelled'),(121,51,1855.11,'2023-10-28','Pending'),(122,178,626.2,'2023-11-19','Paid'),(123,429,2184.64,'2024-05-04','Paid'),(124,5,2135.6,'2024-07-08','Pending'),(125,58,727.86,'2024-04-22','Paid'),(126,452,1285.06,'2023-10-09','Paid'),(127,6,1373.42,'2024-02-07','Cancelled'),(128,94,974.34,'2024-01-03','Cancelled'),(129,372,832.04,'2024-07-11','Cancelled'),(130,51,2314.86,'2023-10-23','Pending'),(131,539,862.23,'2023-11-14','Pending'),(132,94,3656.92,'2023-10-14','Cancelled'),(133,519,1786.52,'2023-11-03','Pending'),(134,231,3757.85,'2024-04-06','Paid'),(135,647,4965.39,'2024-02-04','Cancelled'),(136,393,3840.62,'2024-02-16','Paid'),(137,442,2330.08,'2024-03-07','Cancelled'),(138,608,2024.24,'2024-05-25','Pending'),(139,378,827.74,'2024-05-30','Cancelled'),(140,711,4798.76,'2024-06-08','Paid'),(141,170,3820.79,'2024-02-19','Paid'),(142,371,1705.11,'2023-11-29','Paid'),(143,397,1066.98,'2024-05-11','Paid'),(144,422,400.21,'2023-11-06','Cancelled'),(145,785,2111.88,'2024-03-10','Paid'),(146,316,4197.93,'2024-06-04','Cancelled'),(147,224,3164.36,'2024-05-01','Pending'),(148,591,4789.53,'2024-07-12','Pending'),(149,97,1403.35,'2023-12-28','Pending'),(150,216,2016.62,'2024-06-26','Pending'),(151,199,3763.51,'2024-03-21','Paid'),(152,46,2834.77,'2023-11-05','Cancelled'),(153,296,4446.97,'2024-06-10','Cancelled'),(154,258,4334.51,'2023-10-06','Paid'),(155,628,4232.59,'2023-09-22','Cancelled'),(156,408,2483.95,'2023-11-16','Pending'),(157,689,3195.76,'2023-10-25','Pending'),(158,308,2303.81,'2024-07-04','Paid'),(159,729,1895.29,'2023-10-12','Paid'),(160,346,1751.17,'2023-11-11','Paid'),(161,793,4048.73,'2023-12-16','Cancelled'),(162,114,935.1,'2024-02-15','Cancelled'),(163,783,806.73,'2023-09-30','Cancelled'),(164,507,2217.94,'2023-08-25','Paid'),(165,450,4746.21,'2023-08-20','Pending'),(166,250,3780.43,'2024-02-19','Pending'),(167,174,2949.89,'2024-04-03','Paid'),(168,720,3985.68,'2024-03-13','Paid'),(169,670,1483.74,'2023-09-25','Cancelled'),(170,153,1292.39,'2024-03-01','Cancelled'),(171,577,114.37,'2023-09-26','Paid'),(172,451,192.94,'2023-10-04','Paid'),(173,798,3787.59,'2024-05-30','Cancelled'),(174,121,1370.96,'2023-12-01','Pending'),(175,625,2728.76,'2024-06-28','Pending'),(176,675,4678.55,'2023-09-27','Cancelled'),(177,474,1377.39,'2024-05-03','Pending'),(178,667,1792.59,'2024-05-16','Paid'),(179,342,4180.47,'2024-05-31','Paid'),(180,21,2400.08,'2024-05-02','Pending'),(181,741,1536.7,'2023-08-15','Pending'),(182,732,80.35,'2024-06-21','Paid'),(183,51,3113.21,'2023-09-16','Paid'),(184,655,4364.76,'2023-09-29','Cancelled'),(185,48,3711.37,'2023-11-06','Cancelled'),(186,604,1895.4,'2023-08-12','Pending'),(187,521,4557.72,'2024-04-06','Pending'),(188,340,548.16,'2023-09-24','Paid'),(189,331,2862.07,'2023-12-29','Paid'),(190,18,571.42,'2024-05-16','Cancelled'),(191,470,2948.22,'2024-02-25','Cancelled'),(192,709,1842.8,'2024-02-09','Paid'),(193,250,2099.21,'2024-05-23','Pending'),(194,55,1363.61,'2023-10-29','Paid'),(195,511,4601.45,'2024-06-03','Pending'),(196,793,2660.67,'2024-04-26','Cancelled'),(197,608,2598.82,'2024-07-03','Cancelled'),(198,296,1032.2,'2024-02-17','Paid'),(199,369,3654.29,'2024-01-05','Pending'),(200,692,1028.4,'2024-05-26','Pending'),(201,588,4979.37,'2023-08-27','Cancelled'),(202,435,2071.85,'2024-04-11','Paid'),(203,715,677.07,'2023-09-02','Cancelled'),(204,796,4153.06,'2024-05-03','Paid'),(205,457,1333.3,'2023-10-12','Cancelled'),(206,677,1156.82,'2024-03-11','Cancelled'),(207,135,4132.5,'2024-04-24','Paid'),(208,350,3976.35,'2024-03-30','Pending'),(209,229,1413.47,'2023-10-26','Pending'),(210,398,3625.26,'2024-06-09','Paid'),(211,717,1049.02,'2023-11-01','Paid'),(212,397,654.89,'2023-08-15','Cancelled'),(213,565,225.72,'2023-11-08','Pending'),(214,538,4514.38,'2023-08-19','Pending'),(215,403,4336.18,'2023-09-08','Cancelled'),(216,34,1118.58,'2023-11-30','Pending'),(217,506,4054.7,'2024-04-16','Paid'),(218,491,2199.2,'2024-01-15','Paid'),(219,359,3145.23,'2024-04-17','Pending'),(220,321,779.32,'2024-02-21','Paid'),(221,232,4562.1,'2024-04-05','Paid'),(222,118,2566.56,'2023-08-22','Pending'),(223,426,2133.26,'2024-05-07','Paid'),(224,547,1944.7,'2023-12-14','Paid'),(225,80,3419.99,'2024-04-13','Pending'),(226,323,191.8,'2024-07-28','Pending'),(227,219,4708.86,'2024-03-04','Pending'),(228,412,2489.98,'2024-04-02','Pending'),(229,359,727.67,'2023-10-06','Paid'),(230,709,4466.01,'2023-11-17','Paid'),(231,157,525.43,'2024-08-04','Paid'),(232,127,3130.3,'2024-01-24','Pending'),(233,481,2729.32,'2024-03-15','Cancelled'),(234,186,4448.59,'2023-10-10','Paid'),(235,704,4378.5,'2023-11-26','Pending'),(236,178,4547.21,'2024-03-24','Cancelled'),(237,602,3832.8,'2023-12-25','Cancelled'),(238,503,1166.33,'2024-02-22','Pending'),(239,786,4089.7,'2023-09-15','Pending'),(240,411,186.91,'2023-09-12','Cancelled'),(241,226,1284.07,'2023-12-13','Paid'),(242,200,768.14,'2023-11-04','Cancelled'),(243,605,3632.92,'2024-02-07','Cancelled'),(244,711,1082.5,'2024-06-04','Pending'),(245,738,3405.81,'2023-11-18','Cancelled'),(246,407,2045.61,'2024-06-08','Cancelled'),(247,492,3533.57,'2023-11-18','Pending'),(248,572,2782.38,'2024-06-08','Paid'),(249,67,1281.14,'2024-05-02','Cancelled'),(250,367,2590.56,'2024-01-21','Cancelled'),(251,741,2986.22,'2024-01-17','Cancelled'),(252,244,4645.57,'2023-12-19','Paid'),(253,459,3417.07,'2024-07-21','Cancelled'),(254,728,1000.89,'2024-01-09','Pending'),(255,412,2463.39,'2024-07-05','Cancelled'),(256,601,1296.06,'2024-07-17','Pending'),(257,357,695.28,'2024-07-19','Pending'),(258,613,4329.3,'2024-07-02','Paid'),(259,259,3149.66,'2024-05-09','Paid'),(260,625,2082.61,'2024-07-07','Paid'),(261,260,4911.9,'2024-04-18','Pending'),(262,21,3247.8,'2024-05-23','Pending'),(263,668,3502.4,'2023-10-30','Pending'),(264,251,2798.91,'2024-02-20','Pending'),(265,201,256.92,'2024-01-02','Cancelled'),(266,155,2297.05,'2023-12-14','Paid'),(267,654,4049.06,'2023-12-19','Paid'),(268,677,4144.78,'2024-05-19','Cancelled'),(269,264,4563.47,'2024-02-16','Cancelled'),(270,189,2752.12,'2024-07-29','Cancelled'),(271,219,2743.41,'2023-12-12','Pending'),(272,26,188.14,'2023-11-10','Cancelled'),(273,189,4341.98,'2023-12-11','Cancelled'),(274,605,1066.44,'2024-06-18','Paid'),(275,299,1904.79,'2024-07-27','Pending'),(276,113,2116.07,'2023-10-24','Cancelled'),(277,387,2578.2,'2023-11-03','Pending'),(278,527,1547.09,'2024-08-04','Cancelled'),(279,409,1182.38,'2024-03-10','Cancelled'),(280,200,1052.28,'2024-08-07','Paid'),(281,6,4508.76,'2023-09-09','Pending'),(282,141,1179.31,'2024-04-29','Pending'),(283,581,735.31,'2023-11-10','Pending'),(284,228,1667.99,'2023-10-16','Cancelled'),(285,157,4192.67,'2024-06-21','Cancelled'),(286,624,122.87,'2024-07-23','Pending'),(287,454,238.62,'2024-05-30','Paid'),(288,519,2777.02,'2024-03-26','Cancelled'),(289,44,2347.79,'2023-11-12','Pending'),(290,374,2539.44,'2024-04-16','Cancelled'),(291,159,1024.56,'2024-04-12','Pending'),(292,734,880.06,'2024-03-11','Paid'),(293,409,722.8,'2023-11-02','Cancelled'),(294,573,4506.78,'2024-06-21','Paid'),(295,579,4619.73,'2024-07-25','Pending'),(296,462,4337.96,'2024-05-14','Paid'),(297,236,4447.21,'2024-07-21','Paid'),(298,294,3053.52,'2024-05-08','Paid'),(299,185,965.27,'2024-05-07','Paid'),(300,554,1613.9,'2023-11-03','Pending'),(301,87,4622.08,'2023-11-24','Pending'),(302,538,2683.04,'2023-10-09','Pending'),(303,53,3388.22,'2024-03-29','Paid'),(304,134,4533.99,'2024-01-31','Pending'),(305,211,3160.92,'2023-12-07','Pending'),(306,577,4613.94,'2023-11-09','Pending'),(307,239,4540.44,'2023-09-27','Pending'),(308,631,3976.76,'2024-05-09','Cancelled'),(309,201,588.18,'2024-05-07','Pending'),(310,410,1137.36,'2024-06-24','Pending'),(311,233,2579.37,'2024-02-05','Cancelled'),(312,309,3392.77,'2023-11-25','Paid'),(313,674,624.82,'2023-11-16','Pending'),(314,424,3998.9,'2023-08-29','Paid'),(315,382,674.34,'2024-01-16','Cancelled'),(316,419,1240.64,'2023-09-12','Paid'),(317,702,244.69,'2024-04-06','Paid'),(318,626,3237.07,'2024-06-01','Pending'),(319,659,1086.6,'2023-09-13','Pending'),(320,8,4047.47,'2023-12-27','Cancelled'),(321,592,3867.86,'2024-05-10','Pending'),(322,449,552.06,'2024-03-25','Pending'),(323,380,4929.56,'2023-10-02','Cancelled'),(324,600,4154.88,'2024-02-03','Pending'),(325,638,2856.2,'2024-05-20','Paid'),(326,77,3467.94,'2023-08-30','Paid'),(327,269,3918.9,'2023-08-26','Cancelled'),(328,740,3334.25,'2023-10-26','Pending'),(329,205,3419.55,'2024-01-22','Cancelled'),(330,85,3968.4,'2023-08-21','Cancelled'),(331,784,74.84,'2023-11-13','Cancelled'),(332,573,2298.93,'2023-10-15','Cancelled'),(333,784,2622.02,'2023-12-13','Cancelled'),(334,264,3108.64,'2023-12-05','Paid'),(335,14,798.8,'2024-03-20','Cancelled'),(336,555,3028.94,'2024-04-19','Pending'),(337,226,2345.32,'2024-01-30','Paid'),(338,267,3444.97,'2024-07-05','Cancelled'),(339,619,4801.02,'2024-02-25','Cancelled'),(340,663,4442.76,'2023-12-18','Pending'),(341,399,287.51,'2024-06-03','Cancelled'),(342,736,408.86,'2024-07-08','Paid'),(343,173,3886.54,'2023-09-26','Paid'),(344,756,1852.79,'2024-07-26','Cancelled'),(345,326,2575.71,'2023-12-01','Cancelled'),(346,374,2334.47,'2023-11-15','Pending'),(347,547,3139.28,'2024-02-24','Cancelled'),(348,309,2309.22,'2024-05-20','Paid'),(349,237,3157.45,'2024-07-19','Pending'),(350,797,4652.4,'2023-08-25','Paid'),(351,745,764.52,'2023-09-25','Pending'),(352,236,4238.64,'2024-01-03','Paid'),(353,660,3930.98,'2024-04-18','Paid'),(354,346,4749.49,'2023-10-01','Pending'),(355,521,287.65,'2024-04-02','Pending'),(356,206,3251.11,'2024-07-06','Pending'),(357,302,3673.77,'2023-12-12','Cancelled'),(358,627,2501.12,'2024-05-18','Paid'),(359,123,3682.81,'2024-05-20','Cancelled'),(360,150,608.02,'2023-11-20','Cancelled'),(361,281,1625.01,'2024-01-23','Pending'),(362,455,1075.36,'2024-08-01','Pending'),(363,459,3087.71,'2023-09-06','Cancelled'),(364,109,1800.11,'2024-05-20','Pending'),(365,724,76.39,'2024-06-21','Paid'),(366,276,3967.82,'2024-07-07','Cancelled'),(367,302,4984.81,'2024-06-23','Cancelled'),(368,579,1580.66,'2023-08-29','Cancelled'),(369,666,3349.77,'2024-05-12','Paid'),(370,709,3882.33,'2023-11-16','Pending'),(371,165,1360.74,'2023-11-25','Cancelled'),(372,484,4589.72,'2024-03-08','Pending'),(373,145,4602.45,'2023-12-26','Pending'),(374,120,576.72,'2024-07-13','Cancelled'),(375,652,444.27,'2023-08-23','Pending'),(376,613,4169.14,'2024-08-06','Cancelled'),(377,676,3624.93,'2023-11-04','Paid'),(378,434,2220.76,'2024-01-04','Paid'),(379,563,3940.46,'2023-11-29','Cancelled'),(380,474,1511.5,'2024-08-03','Pending'),(381,314,2233.94,'2024-04-05','Pending'),(382,219,481.1,'2024-03-02','Paid'),(383,583,2571.49,'2024-04-17','Pending'),(384,729,3892.93,'2023-12-16','Cancelled'),(385,485,3819.59,'2024-04-19','Paid'),(386,718,4285.63,'2024-07-21','Cancelled'),(387,758,2685.98,'2023-12-02','Pending'),(388,311,2497.65,'2023-09-29','Paid'),(389,215,223.61,'2024-06-08','Cancelled'),(390,683,4435.57,'2024-07-23','Paid'),(391,678,911.37,'2024-02-01','Cancelled'),(392,467,2577.88,'2024-05-14','Cancelled'),(393,627,1896.53,'2024-03-10','Cancelled'),(394,533,1644.06,'2023-11-06','Pending'),(395,212,206.04,'2023-08-27','Cancelled'),(396,728,1514.56,'2024-02-09','Cancelled'),(397,283,1696.25,'2023-08-12','Cancelled'),(398,628,1347.33,'2024-04-29','Pending'),(399,160,1947.35,'2024-04-15','Paid'),(400,85,3112.8,'2023-11-26','Cancelled'),(401,746,3669.22,'2024-07-28','Cancelled'),(402,283,2936.28,'2023-10-19','Paid'),(403,482,2145.61,'2023-10-10','Pending'),(404,84,4738.33,'2024-03-01','Paid'),(405,723,1093.13,'2024-03-12','Paid'),(406,371,383.37,'2024-03-27','Cancelled'),(407,54,1444.14,'2024-04-26','Pending'),(408,584,706.95,'2024-04-20','Pending'),(409,481,2032.42,'2023-12-19','Paid'),(410,486,183.22,'2023-08-12','Cancelled'),(411,753,1308.61,'2023-09-12','Paid'),(412,190,2583.84,'2024-04-04','Paid'),(413,612,1665.43,'2023-11-29','Pending'),(414,143,2790.06,'2023-09-01','Paid'),(415,569,283.13,'2023-08-25','Pending'),(416,269,782.01,'2023-12-22','Cancelled'),(417,758,2565.07,'2024-07-30','Paid'),(418,412,1955.51,'2023-10-17','Cancelled'),(419,642,953.91,'2024-05-19','Paid'),(420,212,308.25,'2023-08-14','Paid'),(421,527,84.75,'2024-05-02','Cancelled'),(422,123,3513.63,'2024-01-11','Pending'),(423,758,2553.27,'2024-05-19','Pending'),(424,683,103.98,'2023-12-29','Paid'),(425,344,1287.11,'2023-09-04','Cancelled'),(426,512,1110.34,'2023-09-15','Pending'),(427,217,2430.41,'2023-09-10','Paid'),(428,316,3906.46,'2024-05-23','Cancelled'),(429,712,2034.79,'2023-11-08','Pending'),(430,536,637.14,'2024-02-21','Pending'),(431,475,2973.19,'2024-07-11','Paid'),(432,3,1726.61,'2024-03-30','Pending'),(433,410,3860.68,'2024-01-21','Pending'),(434,131,2162.5,'2024-04-08','Cancelled'),(435,523,1084.2,'2024-03-22','Pending'),(436,3,2216.15,'2023-10-05','Cancelled'),(437,129,1064.97,'2023-12-03','Pending'),(438,78,321.87,'2024-02-27','Pending'),(439,601,1441.91,'2023-08-16','Paid'),(440,159,3824.87,'2024-04-01','Paid'),(441,653,3352.49,'2023-08-09','Cancelled'),(442,650,3226.12,'2024-07-23','Paid'),(443,461,1633.4,'2023-09-26','Pending'),(444,769,2245.2,'2024-01-18','Cancelled'),(445,207,2269.14,'2023-11-27','Cancelled'),(446,410,320.19,'2024-06-01','Cancelled'),(447,367,561.03,'2024-04-28','Paid'),(448,182,3196.21,'2023-12-31','Cancelled'),(449,630,1868.78,'2023-12-22','Paid'),(450,183,3531.17,'2024-02-28','Paid'),(451,385,141.39,'2023-12-18','Cancelled'),(452,204,581.32,'2024-01-17','Paid'),(453,367,3388.9,'2024-05-29','Pending'),(454,601,1047.39,'2024-01-25','Paid'),(455,637,3125.15,'2023-12-11','Pending'),(456,606,4931.02,'2024-06-12','Paid'),(457,610,344.09,'2023-12-02','Paid'),(458,766,1330.62,'2024-06-06','Paid'),(459,521,500.83,'2023-10-01','Cancelled'),(460,196,1101.58,'2024-07-09','Pending'),(461,158,3561.5,'2023-08-22','Paid'),(462,727,2981.61,'2023-09-16','Cancelled'),(463,647,3710.69,'2023-12-15','Pending'),(464,106,378.44,'2024-06-09','Paid'),(465,536,2517.22,'2024-03-03','Cancelled'),(466,121,1044.44,'2024-02-12','Pending'),(467,43,1154.06,'2024-07-25','Paid'),(468,538,2271.73,'2024-03-17','Paid'),(469,446,1875.33,'2023-09-27','Pending'),(470,600,609.04,'2024-07-27','Pending'),(471,20,4392.97,'2024-06-12','Pending'),(472,63,1969.82,'2023-08-21','Pending'),(473,192,1993.45,'2024-06-27','Cancelled'),(474,421,2911.69,'2024-02-06','Paid'),(475,20,3737.95,'2024-06-20','Pending'),(476,430,722,'2024-02-26','Paid'),(477,517,3448.71,'2023-08-20','Paid'),(478,237,3634.25,'2024-07-14','Paid'),(479,571,574.21,'2023-10-24','Paid'),(480,735,4724.09,'2024-06-19','Cancelled'),(481,296,1683.36,'2024-03-26','Paid'),(482,545,533.55,'2024-04-19','Pending'),(483,409,3877.38,'2024-06-27','Cancelled'),(484,380,961.81,'2024-06-30','Paid'),(485,230,2536.75,'2023-09-01','Cancelled'),(486,289,3943.57,'2024-03-08','Paid'),(487,763,695.35,'2024-06-24','Paid'),(488,226,4077.14,'2024-03-12','Cancelled'),(489,459,3186.7,'2024-07-29','Pending'),(490,594,426,'2024-01-03','Cancelled'),(491,548,3244.83,'2024-05-09','Paid'),(492,643,3752.82,'2024-02-28','Cancelled'),(493,746,4351.24,'2024-04-21','Cancelled'),(494,318,522.94,'2024-06-14','Cancelled'),(495,10,246.69,'2024-01-20','Cancelled'),(496,455,3458.63,'2024-01-23','Paid'),(497,411,2838.83,'2023-11-10','Pending'),(498,21,2322.09,'2024-03-12','Pending'),(499,571,317.05,'2023-12-17','Paid'),(500,489,4051.57,'2023-08-28','Paid'),(501,275,2767.68,'2023-10-03','Cancelled'),(502,191,4956.16,'2024-03-13','Cancelled'),(503,761,193.58,'2023-12-26','Paid'),(504,57,2385.95,'2023-08-11','Pending'),(505,4,1131.68,'2024-03-31','Paid'),(506,389,367.89,'2024-02-27','Pending'),(507,269,4095.65,'2024-06-10','Pending'),(508,424,1694.79,'2023-09-04','Paid'),(509,641,2460.08,'2024-01-18','Paid'),(510,96,1275.96,'2023-10-07','Paid'),(511,708,1704.04,'2024-03-13','Pending'),(512,611,2913.22,'2024-04-05','Pending'),(513,402,527.66,'2024-03-03','Paid'),(514,75,1469.99,'2024-06-25','Paid'),(515,329,391.87,'2024-07-08','Paid'),(516,413,3645.12,'2024-02-07','Pending'),(517,463,3166.91,'2023-11-25','Cancelled'),(518,348,1397.68,'2023-10-18','Pending'),(519,281,2055.03,'2023-09-15','Paid'),(520,488,1007.21,'2023-11-15','Paid'),(521,436,2036.33,'2023-08-17','Cancelled'),(522,471,4384.11,'2024-06-08','Paid'),(523,626,1890,'2023-12-03','Paid'),(524,548,2964.19,'2023-11-07','Pending'),(525,255,2708.24,'2024-02-02','Cancelled'),(526,472,4122.54,'2024-02-06','Cancelled'),(527,72,1137.91,'2024-03-21','Cancelled'),(528,17,3823.4,'2023-09-07','Paid'),(529,552,2641.04,'2023-12-25','Paid'),(530,290,2783.92,'2024-01-20','Cancelled'),(531,512,2307.69,'2024-07-01','Paid'),(532,558,1547.42,'2024-01-30','Cancelled'),(533,555,1097.02,'2024-03-24','Paid'),(534,555,3225.69,'2024-04-14','Cancelled'),(535,674,4847.01,'2023-11-07','Paid'),(536,261,2175.8,'2024-07-08','Pending'),(537,160,4535.54,'2024-07-01','Paid'),(538,120,2315.34,'2023-12-18','Pending'),(539,440,252.95,'2024-01-17','Pending'),(540,85,782.26,'2024-04-26','Paid'),(541,380,1632.71,'2024-05-31','Pending'),(542,704,2492.91,'2023-12-11','Pending'),(543,693,3917.98,'2024-04-06','Cancelled'),(544,724,1281.27,'2024-03-04','Cancelled'),(545,704,1641.58,'2023-09-19','Pending'),(546,737,2127.5,'2023-08-29','Pending'),(547,437,1347.71,'2024-06-18','Cancelled'),(548,713,3279.13,'2024-04-09','Paid'),(549,122,3980.18,'2024-04-27','Paid'),(550,668,149.98,'2024-05-25','Pending'),(551,663,1010.64,'2023-10-23','Pending'),(552,267,3965.55,'2024-01-29','Paid'),(553,101,685.08,'2023-08-18','Cancelled'),(554,60,3302.85,'2024-03-18','Paid'),(555,473,4248.59,'2024-04-17','Cancelled'),(556,25,1637.12,'2023-12-09','Pending'),(557,741,4820.17,'2023-10-09','Pending'),(558,554,1377.35,'2023-09-14','Pending'),(559,666,1130.86,'2024-03-12','Cancelled'),(560,198,892.38,'2023-10-15','Paid'),(561,698,689.09,'2023-09-14','Pending'),(562,303,4241.71,'2024-02-10','Pending'),(563,80,1338.51,'2024-05-22','Paid'),(564,576,2745.3,'2024-07-27','Cancelled'),(565,149,3312.09,'2024-02-19','Pending'),(566,792,4017.41,'2024-06-04','Paid'),(567,296,1268.07,'2023-11-03','Paid'),(568,293,135.2,'2024-05-29','Cancelled'),(569,127,3922.44,'2023-12-05','Paid'),(570,563,2175.68,'2024-03-17','Pending'),(571,440,1595.5,'2024-07-26','Paid'),(572,431,4775.3,'2023-08-17','Paid'),(573,346,4115.33,'2023-10-20','Paid'),(574,384,3042.2,'2024-07-08','Paid'),(575,11,2092.46,'2023-12-13','Pending'),(576,699,4095.84,'2023-12-20','Pending'),(577,706,532.85,'2024-06-24','Pending'),(578,463,4203.27,'2023-08-12','Paid'),(579,44,1740.92,'2024-07-18','Pending'),(580,793,4877.21,'2023-09-09','Pending'),(581,58,2951.07,'2024-03-21','Cancelled'),(582,638,2396.11,'2023-10-12','Cancelled'),(583,659,2642.78,'2024-05-16','Pending'),(584,632,2492.88,'2024-02-05','Cancelled'),(585,183,2260.52,'2023-11-14','Pending'),(586,601,1912.39,'2024-05-12','Cancelled'),(587,763,1670.32,'2023-08-12','Paid'),(588,118,2809.57,'2024-06-03','Cancelled'),(589,80,1384.58,'2024-03-09','Pending'),(590,150,2187.62,'2023-11-22','Paid'),(591,681,3628.97,'2023-11-12','Cancelled'),(592,401,260.74,'2023-08-22','Paid'),(593,634,1441.93,'2024-01-16','Cancelled'),(594,250,4152.1,'2023-11-27','Paid'),(595,568,3964.49,'2024-01-01','Paid'),(596,364,3548.61,'2023-08-22','Paid'),(597,691,252.2,'2024-06-20','Paid'),(598,248,869.2,'2023-11-15','Paid'),(599,644,2806.77,'2024-03-20','Paid'),(600,737,628.35,'2023-10-10','Paid'),(601,377,3840.66,'2024-02-17','Cancelled'),(602,785,1266.67,'2023-11-26','Pending'),(603,457,2832.97,'2023-08-16','Pending'),(604,138,1705.18,'2024-02-16','Pending'),(605,634,1292.85,'2023-10-24','Paid'),(606,614,3618.51,'2023-11-18','Cancelled'),(607,119,3076.72,'2023-12-21','Paid'),(608,23,2065.07,'2024-05-15','Paid'),(609,162,1829.98,'2023-09-21','Pending'),(610,672,3499.74,'2024-04-19','Cancelled'),(611,544,1486.06,'2024-06-07','Paid'),(612,555,2872.93,'2024-02-15','Pending'),(613,404,2508.21,'2024-06-14','Pending'),(614,244,4682.68,'2023-09-21','Paid'),(615,203,4607.4,'2023-10-19','Paid'),(616,343,1163.63,'2024-07-29','Paid'),(617,557,477.56,'2024-03-18','Paid'),(618,196,4886.85,'2023-11-08','Cancelled'),(619,56,1561.09,'2023-12-12','Pending'),(620,262,4684.89,'2024-01-26','Pending'),(621,407,498.81,'2024-06-24','Pending'),(622,69,1907.14,'2024-03-16','Cancelled'),(623,639,1274.41,'2023-09-10','Pending'),(624,409,1732.48,'2023-09-01','Pending'),(625,165,4066.32,'2023-11-01','Paid'),(626,327,67.76,'2023-10-06','Paid'),(627,117,1236.05,'2024-02-03','Pending'),(628,623,2700.72,'2024-07-14','Paid'),(629,773,4921.31,'2024-07-29','Pending'),(630,40,2404.3,'2023-12-12','Cancelled'),(631,680,2890.4,'2023-11-08','Cancelled'),(632,172,295.83,'2023-10-29','Paid'),(633,418,4189.76,'2024-04-21','Pending'),(634,683,4078.32,'2024-05-24','Pending'),(635,732,967.35,'2023-09-26','Cancelled'),(636,739,1202.61,'2024-04-29','Paid'),(637,15,4986.74,'2023-08-11','Cancelled'),(638,37,247.19,'2023-10-20','Cancelled'),(639,615,2839.37,'2023-08-23','Paid'),(640,230,1100.1,'2024-07-16','Pending'),(641,271,1684.91,'2023-12-22','Pending'),(642,276,2236.33,'2023-12-26','Paid'),(643,694,1544.23,'2024-03-22','Pending'),(644,308,1968.62,'2024-03-22','Pending'),(645,248,2691.96,'2024-02-26','Paid'),(646,267,1081.79,'2024-08-04','Paid'),(647,669,3235.57,'2024-02-24','Cancelled'),(648,638,1588.58,'2024-01-13','Paid'),(649,532,2533.72,'2023-11-14','Pending'),(650,37,2489.43,'2024-05-13','Cancelled'),(651,29,1661.18,'2023-09-20','Pending'),(652,677,600.11,'2023-08-16','Paid'),(653,602,3696.16,'2024-05-27','Pending'),(654,571,2078.92,'2024-07-19','Paid'),(655,633,4135.46,'2024-01-30','Pending'),(656,655,2585.82,'2024-07-10','Paid'),(657,768,1994.1,'2024-01-06','Paid'),(658,181,1077.95,'2023-09-08','Pending'),(659,588,596.44,'2024-01-28','Cancelled'),(660,250,1434.81,'2023-08-13','Paid'),(661,79,1429.74,'2023-11-06','Paid'),(662,422,3941.8,'2024-03-06','Pending'),(663,552,4587.18,'2024-03-10','Cancelled'),(664,61,4062.85,'2024-07-27','Paid'),(665,589,2996.76,'2023-12-02','Paid'),(666,375,3415.26,'2023-11-02','Paid'),(667,618,3940.36,'2023-10-10','Paid'),(668,486,1284.6,'2024-05-17','Paid'),(669,621,4884.87,'2023-08-22','Paid'),(670,236,231.51,'2024-04-03','Pending'),(671,163,779.76,'2024-04-29','Paid'),(672,323,504.78,'2023-09-16','Cancelled'),(673,400,3967.58,'2024-05-17','Paid'),(674,709,3682.67,'2023-10-28','Pending'),(675,167,732.54,'2024-02-23','Paid'),(676,685,455.09,'2023-09-25','Paid'),(677,9,560.7,'2024-05-04','Pending'),(678,380,4832.5,'2023-08-12','Cancelled'),(679,586,1858.92,'2024-04-13','Paid'),(680,136,1883.43,'2023-09-27','Pending'),(681,637,3785.05,'2023-10-24','Cancelled'),(682,24,1618.83,'2024-05-05','Cancelled'),(683,651,3963.19,'2024-04-13','Cancelled'),(684,245,1835.24,'2024-07-17','Paid'),(685,732,4169.67,'2024-07-26','Cancelled'),(686,106,476.67,'2024-02-16','Cancelled'),(687,387,3002.2,'2024-04-04','Cancelled'),(688,503,3206.55,'2024-05-19','Paid'),(689,307,2546.96,'2023-12-05','Cancelled'),(690,384,3278.84,'2024-06-22','Pending'),(691,55,4657.4,'2024-03-02','Paid'),(692,147,390.36,'2024-04-14','Cancelled'),(693,146,1480.26,'2023-12-04','Cancelled'),(694,769,378.81,'2023-12-28','Pending'),(695,709,4094.54,'2024-05-20','Cancelled'),(696,91,2504.28,'2024-06-23','Paid'),(697,472,2971.26,'2024-04-23','Paid'),(698,436,951.39,'2023-09-27','Paid'),(699,366,1083.35,'2023-11-01','Pending'),(700,344,391.62,'2023-08-09','Paid'),(701,687,68.09,'2023-08-22','Pending'),(702,488,1401.57,'2024-03-04','Paid'),(703,377,3050.24,'2023-09-18','Cancelled'),(704,700,185.74,'2024-06-17','Cancelled'),(705,415,4555.17,'2023-10-09','Paid'),(706,548,81,'2024-06-20','Paid'),(707,681,4985.55,'2024-03-27','Pending'),(708,447,3353.61,'2024-03-28','Cancelled'),(709,667,2341.75,'2023-09-03','Cancelled'),(710,576,3131.74,'2023-09-24','Pending'),(711,721,1193.88,'2023-10-19','Cancelled'),(712,223,4967.29,'2024-01-31','Pending'),(713,799,4975.93,'2024-05-12','Pending'),(714,522,4931.92,'2024-03-04','Cancelled'),(715,137,63.28,'2024-05-14','Cancelled'),(716,467,4434.03,'2024-06-21','Cancelled'),(717,124,360.88,'2023-11-03','Cancelled'),(718,535,2829.07,'2023-10-22','Cancelled'),(719,551,1546.44,'2023-10-26','Cancelled'),(720,674,2015.28,'2024-05-22','Cancelled'),(721,694,94.71,'2024-07-19','Pending'),(722,574,2291.82,'2024-06-02','Pending'),(723,48,1168.51,'2023-12-12','Paid'),(724,696,927.99,'2024-02-18','Cancelled'),(725,710,1254.8,'2023-12-07','Pending'),(726,472,2314.55,'2024-04-29','Pending'),(727,207,4447.08,'2024-05-15','Pending'),(728,767,1182.25,'2024-07-26','Paid'),(729,50,392.59,'2024-07-07','Cancelled'),(730,342,4634.38,'2024-06-27','Cancelled'),(731,774,763.1,'2024-04-27','Pending'),(732,740,4338.06,'2024-04-24','Paid'),(733,746,800.37,'2024-05-12','Paid'),(734,539,3864.41,'2023-08-23','Cancelled'),(735,111,4940.48,'2023-11-21','Cancelled'),(736,137,2552.38,'2023-12-18','Pending'),(737,456,3878.22,'2024-07-08','Paid'),(738,538,1098.63,'2024-01-07','Pending'),(739,774,4515.84,'2024-05-19','Cancelled'),(740,671,3298.14,'2024-03-07','Pending'),(741,328,3915.35,'2024-06-15','Pending'),(742,712,132.96,'2024-04-29','Paid'),(743,684,853.3,'2024-01-12','Paid'),(744,730,500.1,'2023-09-08','Cancelled'),(745,217,206.34,'2024-05-16','Cancelled'),(746,100,822.28,'2024-05-13','Pending'),(747,554,3924.67,'2024-02-09','Pending'),(748,409,4558.75,'2023-12-12','Pending'),(749,26,3319.74,'2024-04-01','Cancelled'),(750,615,1668.9,'2024-01-20','Pending'),(751,608,4148.26,'2023-09-03','Cancelled'),(752,152,3988.31,'2023-12-15','Paid'),(753,272,3838.71,'2023-11-12','Cancelled'),(754,126,2017.8,'2024-02-02','Cancelled'),(755,119,1351.92,'2024-04-13','Paid'),(756,244,262.08,'2024-07-15','Pending'),(757,488,2095.27,'2023-09-10','Paid'),(758,192,936.71,'2024-07-07','Cancelled'),(759,421,4129.6,'2023-11-05','Cancelled'),(760,34,1848.37,'2023-09-03','Pending'),(761,297,3819.94,'2023-12-25','Paid'),(762,341,4730.22,'2024-07-13','Pending'),(763,406,523.13,'2024-03-16','Pending'),(764,765,4807.91,'2023-10-28','Paid'),(765,522,3960.32,'2023-10-07','Paid'),(766,133,4671.61,'2024-03-30','Cancelled'),(767,113,217.06,'2023-12-25','Paid'),(768,531,4007.64,'2024-06-21','Paid'),(769,395,3310.22,'2023-12-17','Pending'),(770,312,4862.47,'2024-02-14','Pending'),(771,67,3139.74,'2023-10-16','Pending'),(772,573,213.06,'2024-07-23','Pending'),(773,709,3401.08,'2024-03-17','Paid'),(774,45,4248.58,'2024-05-08','Paid'),(775,563,4610.43,'2024-05-07','Cancelled'),(776,597,569.21,'2024-06-25','Pending'),(777,330,2472.73,'2023-11-27','Pending'),(778,678,2265.08,'2024-07-15','Cancelled'),(779,432,3224.12,'2024-02-17','Pending'),(780,773,4383.94,'2024-06-22','Paid'),(781,510,435.94,'2024-04-29','Cancelled'),(782,297,3568.84,'2024-04-12','Cancelled'),(783,270,3423.4,'2023-10-15','Pending'),(784,650,3795.99,'2024-04-07','Cancelled'),(785,486,3186.91,'2024-07-13','Pending'),(786,577,2928.01,'2023-08-22','Cancelled'),(787,597,4812.85,'2023-11-14','Paid'),(788,74,2176.46,'2024-03-06','Paid'),(789,45,1062.92,'2023-12-28','Paid'),(790,255,2393.13,'2024-03-21','Paid'),(791,267,2213.75,'2023-09-29','Pending'),(792,420,1467.7,'2023-10-11','Paid'),(793,456,3516.78,'2024-03-07','Paid'),(794,188,344.39,'2024-04-17','Paid'),(795,246,4672.88,'2023-09-18','Pending'),(796,261,4286.93,'2023-10-10','Cancelled'),(797,329,411.51,'2024-05-22','Cancelled'),(798,724,4584.63,'2023-10-11','Paid'),(799,741,2510.44,'2024-04-11','Paid'),(800,152,1879.54,'2024-01-24','Pending');
/*!40000 ALTER TABLE `billing` ENABLE KEYS */;
UNLOCK TABLES;

--
-- Table structure for table `doctors`
--

DROP TABLE IF EXISTS `doctors`;
/*!40101 SET @saved_cs_client     = @@character_set_client */;
/*!50503 SET character_set_client = utf8mb4 */;
CREATE TABLE `doctors` (
  `doctor_id` int DEFAULT NULL,
  `first_name` text,
  `last_name` text,
  `specialty` text,
  `phone_number` bigint DEFAULT NULL
) ENGINE=InnoDB DEFAULT CHARSET=utf8mb4 COLLATE=utf8mb4_0900_ai_ci;
/*!40101 SET character_set_client = @saved_cs_client */;

--
-- Dumping data for table `doctors`
--

LOCK TABLES `doctors` WRITE;
/*!40000 ALTER TABLE `doctors` DISABLE KEYS */;
INSERT INTO `doctors` VALUES (1,'Lauren','Galloway','Gynecologist',9717690284),(2,'Sharon','Cruz','Orthopedic',7206937333),(3,'Mary','Powers','Oncologist',9721881675),(4,'Kimberly','Ferguson','Oncologist',9553957387),(5,'Lisa','Smith','Radiologist',8645831777),(6,'Donald','Daniel','Cardiologist',9174382385),(7,'Jonathan','Carey','Orthopedic',7717337453),(8,'Daniel','Green','Pediatrician',9128771038),(9,'Donald','Jimenez','Pediatrician',7042881743),(10,'Jeremy','Mitchell','Cardiologist',9720676782),(11,'Candice','Decker','Gynecologist',8064288075),(12,'James','Horton','Surgeon',8426858927),(13,'Thomas','Andrews','Gynecologist',7003604156),(14,'Michelle','Miranda','Surgeon',9739479805),(15,'Ashley','Mosley','Dermatologist',7269696287),(16,'Gregory','Jordan','Surgeon',7470163879),(17,'Erik','Mendoza','Orthopedic',8240859017),(18,'Kelli','Potter','Psychiatrist',8256042712),(19,'Jill','Saunders','Orthopedic',7440415570),(20,'Bryan','Garcia','Radiologist',9459830551),(21,'Joshua','George','Gynecologist',7820229343),(22,'Bridget','Curtis','Psychiatrist',8125755838),(23,'Karen','Bennett','Psychiatrist',7307344668),(24,'William','Fritz','Oncologist',9839132017),(25,'Michael','Scott','Oncologist',7861949863),(26,'Aaron','Ramsey','Orthopedic',7123785958),(27,'Jesus','Lynch','Oncologist',9555382142),(28,'Christine','Miller','Cardiologist',9243473192),(29,'Matthew','Decker','Gynecologist',9184361373),(30,'Melissa','Chavez','Dermatologist',9157981590),(31,'Edward','Frederick','Surgeon',7954304639),(32,'Cassidy','Thomas','Orthopedic',9438294710),(33,'Sara','Anderson','Orthopedic',8211404568),(34,'William','Williams','Surgeon',8816230024),(35,'Tony','Galvan','Psychiatrist',8973172683),(36,'Heather','Ross','Gynecologist',7959958575),(37,'Carol','Delgado','Gynecologist',9668660124),(38,'Bradley','Mosley','Cardiologist',7986829425),(39,'Brianna','Wright','Orthopedic',8924844948),(40,'Anna','Burgess','Pediatrician',8426214269),(41,'Matthew','Peterson','Pediatrician',8758587161),(42,'Michelle','Martin','Cardiologist',7323058843),(43,'Benjamin','Webb','Psychiatrist',8962643566),(44,'Joseph','Martinez','Orthopedic',8900078061),(45,'Nicholas','Cruz','Psychiatrist',8210940895),(46,'James','Wright','Gynecologist',7051246314),(47,'Walter','Bates','Psychiatrist',8615127121),(48,'Carolyn','Matthews','Pediatrician',7689454891),(49,'Jared','Chapman','Cardiologist',8266850943),(50,'Nicholas','Wilson','Gynecologist',9370817946);
/*!40000 ALTER TABLE `doctors` ENABLE KEYS */;
UNLOCK TABLES;

--
-- Table structure for table `patients`
--

DROP TABLE IF EXISTS `patients`;
/*!40101 SET @saved_cs_client     = @@character_set_client */;
/*!50503 SET character_set_client = utf8mb4 */;
CREATE TABLE `patients` (
  `patient_id` int DEFAULT NULL,
  `first_name` text,
  `last_name` text,
  `dob` text,
  `gender` text,
  `address` text,
  `contact_number` bigint DEFAULT NULL
) ENGINE=InnoDB DEFAULT CHARSET=utf8mb4 COLLATE=utf8mb4_0900_ai_ci;
/*!40101 SET character_set_client = @saved_cs_client */;

--
-- Dumping data for table `patients`
--

LOCK TABLES `patients` WRITE;
/*!40000 ALTER TABLE `patients` DISABLE KEYS */;
INSERT INTO `patients` VALUES (1,'Paul','Evans','13-09-1955','F','712 Anna Drive, New Michaelfort, Massachusetts, India',7150171153),(2,'Alex','White','24-11-1959','F','238 Lewis Lock, Cherylfort, Minnesota, India',9217179441),(3,'Matthew','Sims','03-11-1980','F','709 Sierra Extension, Crystalmouth, Alabama, India',7570437341),(4,'Peter','Moore','12-07-1965','F','613 Gilbert Estate, Aliciabury, Pennsylvania, India',8674481848),(5,'Ashley','Gray','17-08-2002','M','488 Autumn Lodge, Thompsonstad, West Virginia, India',9387549437),(6,'Jesse','Huffman','08-06-1966','M','151 Bryant Tunnel, Sarahton, Delaware, India',9586188725),(7,'Billy','Nelson','28-03-1971','F','213 Tony Plains, Mcdonaldland, Arkansas, India',7610350027),(8,'Christina','Martinez','14-09-1978','M','408 Hawkins Gateway, Kaylaland, Connecticut, India',8124334620),(9,'Olivia','Hernandez','05-02-1953','M','976 Anna Path, Rosalesbury, Rhode Island, India',7109115282),(10,'Amanda','Smith','24-10-1976','F','506 Melissa Knolls, West Michelleview, Montana, India',9090687208),(11,'Sherri','Garza','25-03-1951','F','142 Palmer Manors, Jamesside, Connecticut, India',7439910580),(12,'Molly','Patel','03-04-1953','F','598 James Meadow, East Theresaborough, Vermont, India',7913371754),(13,'Kimberly','Allen','27-08-1990','M','570 Timothy Neck, Williamsfort, Georgia, India',9515163066),(14,'Gregory','Bruce','06-05-2003','M','690 Kimberly Heights, South Robertland, Delaware, India',9227460501),(15,'Jeffrey','Huynh','10-03-1996','F','374 Espinoza Street, East Deborah, Minnesota, India',8414579881),(16,'Nathaniel','Smith','11-05-1965','M','351 Castro Union, South Melody, California, India',8299839639),(17,'Amanda','George','19-03-1980','M','498 Joseph Street, Sparksview, Oregon, India',9672070228),(18,'Nicholas','Lynch','09-11-1991','F','926 Ellis Tunnel, Mollyfort, New Jersey, India',8825529017),(19,'James','Elliott','21-12-1944','F','202 Salazar Fall, Juliebury, West Virginia, India',8691360579),(20,'Rhonda','Carroll','13-05-1947','M','785 Sanchez Square, Port Clarence, Vermont, India',7860051377),(21,'Hunter','Bennett','11-08-1944','M','469 Blair Bridge, Alexbury, Vermont, India',8252803898),(22,'Alyssa','Adams','20-11-1947','F','1 Norris Corners, Scottshire, Florida, India',9129891183),(23,'Rodney','Lamb','18-09-1972','F','716 Lauren Ways, Jonesland, Wisconsin, India',9724409144),(24,'Karen','Smith','04-04-1956','F','968 Nelson Trafficway, Peterstad, Wyoming, India',7202724470),(25,'Ashley','Jackson','04-02-1983','F','749 Knapp Gardens, Leonborough, Nebraska, India',8426432720),(26,'Gary','Calderon','26-06-1960','F','298 Jackson Rapids, Jonesberg, Kansas, India',9703502738),(27,'David','Hodge','02-12-1957','F','876 Morgan Gardens, Lake John, Utah, India',7013578641),(28,'Kenneth','Lee','30-06-1953','M','777 Javier Green, New Ashleyberg, Idaho, India',8704982054),(29,'Steven','Tyler','14-04-1999','F','562 Anthony Lakes, Littleborough, South Dakota, India',9866414458),(30,'Lauren','Gamble','24-07-1985','F','501 Caitlin Streets, Dillonland, Kansas, India',8837280705),(31,'James','Young','16-07-2001','M','275 Pedro Estates, Lake Dawnmouth, Florida, India',9868832306),(32,'Cory','Smith','06-05-1985','F','636 Craig Stravenue, Alexandriaport, Maine, India',8668760672),(33,'Lisa','Nelson','24-03-1972','M','533 Steven Circles, West Chloe, Louisiana, India',8717503640),(34,'Rita','Montgomery','24-09-1987','M','111 Collins Rapid, Joneschester, Wisconsin, India',7864023178),(35,'Joel','Martin','16-03-1982','M','282 Smith Locks, South Sandychester, Pennsylvania, India',9972358166),(36,'Heather','Mercer','31-01-1965','M','787 Joanne Villages, New Allenmouth, Nevada, India',7457418322),(37,'Lisa','Diaz','24-04-1998','M','593 Taylor Inlet, Staceystad, Ohio, India',7576811334),(38,'Christopher','Ayala','14-02-1967','M','38 William Greens, Jenniferfort, Maryland, India',9468383698),(39,'Joseph','Martin','14-12-1993','F','805 Mcbride Estates, Kylietown, Tennessee, India',7781950056),(40,'Danny','Mcdaniel','14-11-1973','F','803 Jamie Center, Smithview, Louisiana, India',7340648337),(41,'Haley','Anderson','10-07-2003','F','655 Carter Junction, Port Krista, Ohio, India',7520188369),(42,'Lisa','Lowe','26-10-1956','F','225 Mata Alley, North Sandra, Maryland, India',7618807226),(43,'David','Jones','09-06-1967','F','671 Adam Manor, Campbellview, Wyoming, India',8340724709),(44,'Laura','Goodwin','05-03-1945','M','589 Zamora Coves, West Sarah, Iowa, India',8820624001),(45,'Mia','Cox','27-03-1987','F','886 Ryan Glen, Murrayside, North Dakota, India',7489824091),(46,'Darryl','Anderson','27-02-1958','M','469 Hernandez Ports, Taylorstad, Indiana, India',7789260923),(47,'Mary','Graham','01-07-1996','M','549 Jacobson Creek, Russellside, Wisconsin, India',7088367349),(48,'Alisha','King','25-02-1961','F','958 April Points, South Nicoleland, New Hampshire, India',8927849829),(49,'Jody','Jefferson','04-02-1978','F','300 Matthew Corners, Katherinefurt, Louisiana, India',9829767522),(50,'Stephanie','Calderon','25-07-1979','F','551 Heather Common, South Nicholas, Arkansas, India',8570470705),(51,'Manuel','Cooper','28-10-1953','F','956 Daniel Shore, East Danielbury, Arizona, India',9005590774),(52,'Jeremy','Garza','23-06-1963','M','534 Nicole Lock, South Thomas, South Dakota, India',9238075129),(53,'Christian','Mcclure','02-01-1988','F','691 Amanda Gateway, New Joseph, Hawaii, India',9694631516),(54,'Antonio','Gilbert','30-01-1963','F','473 Johnson Shoal, Jonesfort, Nevada, India',8038557882),(55,'Anthony','Russo','25-12-1943','M','546 Johnson Club, Lake Jenniferbury, Alabama, India',7724829374),(56,'Andrew','Robertson','07-10-1961','F','641 Lynch Ports, South Patrick, Maryland, India',7148152871),(57,'James','Young','06-05-1975','F','484 Patrick Plains, New Mark, Ohio, India',8225018242),(58,'Gary','Lee','19-04-1999','F','750 Curtis Common, Georgestad, New Mexico, India',9344155614),(59,'Kristina','Chandler','12-04-1997','F','213 Blackwell Fork, New Daniellefort, Utah, India',8729781195),(60,'Thomas','Jones','07-02-1981','M','559 Jennifer Island, East Amandaburgh, Arizona, India',8586463249),(61,'Jonathan','Whitehead','23-07-1950','F','932 Hernandez Court, Youngland, New York, India',7769155575),(62,'Diana','Calderon','18-01-1968','M','719 Karen Land, West Michelleville, Ohio, India',9950577017),(63,'Peter','Duran','19-02-1981','M','350 Nancy Streets, Watsontown, Maine, India',8258144651),(64,'Victoria','Smith','26-11-1979','F','194 Alvarez Flat, South Lisa, South Dakota, India',8539665004),(65,'Robert','Rodriguez','18-03-2003','F','370 Jessica Square, South Connie, Kentucky, India',9183385728),(66,'Robin','Friedman','13-12-1991','M','429 Jonathan Grove, South Teresaborough, Indiana, India',7966852468),(67,'Alexander','Medina','20-02-1984','F','76 James Landing, Williamsview, Iowa, India',8782701710),(68,'Angela','Thompson','28-08-1964','F','189 Price Plain, Lake Dianafurt, Nebraska, India',8793443888),(69,'Jasmin','Martin','04-07-1978','M','723 Jessica Trail, Banksberg, Idaho, India',8943573273),(70,'Jack','Phillips','09-04-2004','F','362 Richard Estate, Marshfurt, Michigan, India',7906175637),(71,'Jonathan','Davis','14-10-1978','F','297 Jeffrey Flats, Victoriatown, Virginia, India',8687347232),(72,'Sarah','Richardson','25-01-1948','F','634 Warner Streets, Coreyberg, New Hampshire, India',7838207243),(73,'Chris','Ray','04-03-1986','M','641 Kenneth Fort, West Ashleyborough, Washington, India',8837178810),(74,'Angela','Martin','17-10-1973','F','504 Albert Union, Matthewburgh, Arizona, India',8397070769),(75,'Jon','Nguyen','02-04-1957','M','854 Scott Lock, Port Mary, South Carolina, India',9507264802),(76,'Benjamin','Wolf','30-06-1989','F','703 Kelly Camp, Mckinneymouth, Nebraska, India',8926935476),(77,'Amy','Hahn','26-09-1972','F','707 Omar Common, East Jamestown, South Dakota, India',7107044468),(78,'Kenneth','Gordon','16-01-1983','M','485 Crystal Plaza, Lake Maria, Idaho, India',8974318674),(79,'Donald','Rhodes','08-05-1956','F','496 Lee Point, Christianstad, New Hampshire, India',8576557418),(80,'Teresa','Anderson','10-05-1949','F','70 Boone Forks, Hollymouth, Colorado, India',7814385437),(81,'Joyce','Scott','25-10-1979','M','471 Hernandez Orchard, Melissachester, Utah, India',8771167565),(82,'Alexander','Ayala','15-02-1987','F','364 Shaw Route, New Christophermouth, Kansas, India',7774481666),(83,'Cindy','Jones','28-09-1967','F','826 Casey Forge, Port Bradleyview, Idaho, India',7753048184),(84,'William','Murphy','31-03-1977','F','807 Nicole Plaza, Lisafort, Idaho, India',9750001086),(85,'Michael','Williams','17-10-1990','M','475 Shaffer Stream, Jillhaven, Delaware, India',8683171806),(86,'Matthew','Pruitt','07-03-1947','F','23 Michael Garden, Hallchester, Georgia, India',7468792019),(87,'Lisa','Wagner','04-10-1984','M','124 Mitchell Knoll, Port Brittney, Michigan, India',9096995445),(88,'Kevin','Ross','11-02-1966','F','178 Thompson Coves, Jonathanview, Connecticut, India',9908944169),(89,'Timothy','Oneal','02-04-1975','F','668 Thompson Court, Dominguezport, New York, India',8504574606),(90,'Sarah','Hendrix','03-05-1979','M','840 Henderson Meadow, East Saraton, Idaho, India',9794611396),(91,'Kristin','Jackson','07-01-1990','M','850 Case Bridge, Blankenshipfurt, Louisiana, India',7313442730),(92,'Diane','Bush','01-01-1948','F','286 Jessica Meadows, Port Amy, Wisconsin, India',8370558798),(93,'Thomas','Mason','09-04-1954','F','151 Lawrence Shore, Lake Stacybury, West Virginia, India',8234811874),(94,'Tracey','Long','24-08-1995','F','409 Guzman Canyon, North Kaylaburgh, Maine, India',8241936118),(95,'Shelly','Watkins','31-10-1997','M','255 Blake Mountain, Johnsonfurt, Delaware, India',7673712888),(96,'Tonya','Hernandez','17-10-1949','M','662 Nathan Street, South Julie, Florida, India',7363136887),(97,'Brandon','Weeks','13-06-1969','F','517 Tate Tunnel, Carpenterstad, Kansas, India',9174275700),(98,'Zachary','White','22-12-1993','M','52 Heath Throughway, Amberview, Wyoming, India',8354150854),(99,'Carl','Hernandez','28-04-1967','F','583 Lee Forges, South Amandafort, Michigan, India',8408754497),(100,'Carmen','Washington','04-02-2000','M','655 Christine Coves, Brianland, Michigan, India',8125714739),(101,'Marcus','Riley','11-02-1991','M','525 Destiny Roads, Smithmouth, California, India',7898171880),(102,'Bryan','Humphrey','03-11-1988','F','5 Robert Extensions, East Ronald, Pennsylvania, India',8123748584),(103,'Gerald','Kemp','23-11-1961','F','12 Robert Road, Port Amy, Pennsylvania, India',9393978563),(104,'Steven','Charles','03-03-1993','M','785 Nathaniel Highway, East Adamchester, Washington, India',8124802690),(105,'Sherry','Burns','17-04-1994','M','381 Anderson Isle, Lake Eric, Kansas, India',9716737383),(106,'Brian','Anderson','22-12-1945','F','27 Danielle Road, Fernandochester, South Dakota, India',7844128451),(107,'Johnny','Summers','25-04-1958','F','731 Michael Knolls, Lake Kevin, Delaware, India',8173896113),(108,'Carlos','Ochoa','14-09-2001','M','217 Linda Locks, Jordanhaven, New Hampshire, India',7422944459),(109,'Derek','Baker','14-07-1994','M','96 Glenn Roads, Cookside, Arizona, India',7343459914),(110,'Janice','Smith','23-01-1998','M','813 Brenda Shoals, East Ashley, Georgia, India',7531079813),(111,'Kevin','Williams','28-09-1945','M','362 Alexander Walks, North Jon, Colorado, India',7155440428),(112,'Tina','Shaffer','20-09-1990','M','100 Cummings Tunnel, South Rachelshire, Maine, India',9606125842),(113,'Adam','Graham','30-01-1976','F','822 Christian Meadow, Port Jessehaven, Tennessee, India',9042015366),(114,'Janet','Johnson','07-09-1971','M','568 Kelly Village, North Joshua, Michigan, India',9070249866),(115,'Anthony','Wilson','07-04-1984','F','917 Adams Rapid, Hernandezfort, Idaho, India',8653574299),(116,'Dawn','Smith','20-03-1987','F','385 Gould Expressway, Susanhaven, Louisiana, India',7372949572),(117,'Kathleen','Mack','24-01-1981','F','989 Joseph Trail, Shawnfurt, Iowa, India',8647900400),(118,'Brian','Robinson','18-01-1981','F','172 Hamilton Harbor, New Lindseyview, Delaware, India',9031966393),(119,'Marc','Rowe','31-10-1990','F','473 Wright Rapids, Dawnfurt, Indiana, India',9117407320),(120,'Nancy','Mckenzie','26-01-1954','M','459 Jones Plain, Port Maryshire, Oregon, India',9357585475),(121,'Tamara','Conley','11-11-1966','F','377 Alvarez Islands, New Michelle, Arkansas, India',9679398533),(122,'Kenneth','Lewis','30-08-1977','F','852 Tran Throughway, Beanborough, Alaska, India',8862507290),(123,'Angela','Maldonado','17-11-1943','M','393 Jennifer Wall, Baileymouth, North Carolina, India',9480225422),(124,'Kelly','Robertson','17-02-2001','M','729 Robinson Place, West Thomas, Maryland, India',7327899443),(125,'Brittany','Moore','02-07-1954','M','757 Morrison Forge, Browningfort, Wyoming, India',7209960103),(126,'Gary','Barker','27-02-1976','F','438 Gutierrez Neck, Lake Ryan, Florida, India',9676696978),(127,'Paula','Monroe','18-05-1990','M','719 Huerta Walks, Fischerview, New York, India',9928967604),(128,'Catherine','Jones','13-09-1983','M','635 Antonio Parks, Danielsmouth, Minnesota, India',8569472285),(129,'Joseph','Lewis','05-06-1944','M','22 Calhoun Estate, South Jeremymouth, West Virginia, India',7855283716),(130,'Connor','Morse','08-07-1945','M','674 Stanton Fork, South Carolineburgh, South Carolina, India',8364212369),(131,'Emily','Delacruz','06-11-1955','M','753 Justin Oval, New Matthew, Nebraska, India',9732336122),(132,'Gregory','Lamb','09-10-1977','M','13 Reyes Loop, Jasonview, Mississippi, India',9629658414),(133,'Andrew','Thompson','24-05-1978','F','46 Kathryn Fords, West Denisetown, Indiana, India',8000767501),(134,'Tiffany','Jackson','22-06-1989','M','183 Fitzpatrick Prairie, Anthonyfort, North Carolina, India',8675113591),(135,'Mary','Wilson','21-09-1962','F','672 Nichols Alley, Evansport, North Dakota, India',8273051373),(136,'Adam','Riley','10-06-1998','F','714 Terry Circle, Port Julia, South Carolina, India',7283416068),(137,'Derrick','Jones','12-11-1985','F','741 Angela Dale, Troychester, Mississippi, India',8090062209),(138,'Garrett','Jackson','17-10-1983','M','416 Karen Glens, New Hollyborough, Tennessee, India',8589760034),(139,'Hunter','Smith','23-02-2004','F','505 Villegas Heights, Kariport, Pennsylvania, India',9026175653),(140,'Andrea','Wright','12-09-2002','M','786 Steven Burg, West Elizabethport, New Hampshire, India',7101381964),(141,'Melissa','Quinn','03-08-1947','F','876 Santiago Mills, Port Anthony, New Mexico, India',9030958848),(142,'Michael','Rogers','02-10-1995','F','353 Wendy Pass, West Sara, Georgia, India',7305719980),(143,'John','Wells','12-07-1990','F','715 Steven Gateway, Lyonsborough, Colorado, India',9332054500),(144,'Michael','Vasquez','16-11-1963','F','112 Vasquez Camp, Tarafurt, Tennessee, India',7919073655),(145,'Shelly','Waters','08-11-1958','M','74 Parker Springs, Dawnport, Delaware, India',9022018156),(146,'Kimberly','Williamson','22-03-1949','F','735 Emily Lakes, Dianeland, Montana, India',7820101896),(147,'Teresa','Foster','29-06-1984','M','67 Kenneth Plaza, South Johnmouth, Alaska, India',9397944683),(148,'Richard','Weber','02-07-1965','F','794 Patrick Trail, South Richardside, Maryland, India',8488047171),(149,'Shannon','Allen','31-08-2003','M','679 Bartlett Causeway, Port Nicoleport, Connecticut, India',8649100419),(150,'Isaac','Short','25-09-1960','F','250 Barnes Passage, South Gloriaburgh, Connecticut, India',9303068876),(151,'Kaylee','Hall','06-06-1959','F','184 Rogers Street, Brittneyland, Iowa, India',9550591920),(152,'Steven','Daniels','14-02-1984','M','970 Armstrong Creek, Lake Timothy, Tennessee, India',7167856540),(153,'Diana','Johnson','16-06-1971','F','19 Melinda Inlet, Hayesstad, Maine, India',7405160882),(154,'Shawn','Schroeder','19-04-2002','F','387 Green Rest, North Jacobland, Mississippi, India',7244248096),(155,'Daniel','Perez','28-05-1971','M','987 Crystal Plain, Zimmermanbury, Texas, India',7248836498),(156,'John','Palmer','17-05-1969','M','167 Flores Summit, Brownbury, Louisiana, India',9879788065),(157,'Lisa','Perkins','06-12-1955','M','51 Teresa Vista, Whitemouth, West Virginia, India',7379389623),(158,'Heather','Sanders','12-04-1985','F','879 Cowan Underpass, Nancyhaven, Arizona, India',7931457098),(159,'Jim','Young','28-02-1970','F','251 Pena Island, Timothyberg, West Virginia, India',8457854517),(160,'Christian','Cox','30-04-1946','M','483 Larry Route, West Billyhaven, Nebraska, India',8996058974),(161,'Olivia','Morris','30-01-1977','M','106 Campbell Summit, Paulville, Michigan, India',8735068500),(162,'Mathew','Harrington','13-05-1981','F','250 Landry Island, Port Sharonberg, Alabama, India',7594993242),(163,'Robin','Watkins','16-11-2000','F','64 Harris Haven, Lake David, Oregon, India',7065197906),(164,'Justin','Becker','24-06-1998','M','235 Dunn Centers, Port Richardburgh, Ohio, India',8467283626),(165,'Jason','Jones','28-08-1971','F','807 Pierce Mountain, Walkerton, Iowa, India',9500746411),(166,'Joshua','Sanchez','07-08-1980','F','70 Hernandez River, Margaretport, California, India',8306251652),(167,'Scott','Dudley','12-06-1958','F','7 Jesse Pike, West Billy, Alaska, India',7818597109),(168,'Jose','Miller','30-01-1992','F','460 Pugh Springs, East Adrian, New York, India',7596239997),(169,'Matthew','Nguyen','28-10-2000','F','624 Gordon Junction, Davidbury, North Dakota, India',9180248704),(170,'Travis','Weber','22-09-1994','F','197 Henry View, Alexishaven, North Carolina, India',8959334372),(171,'Gregory','Holmes','22-07-1988','F','694 Jennifer Locks, Wrightside, Oklahoma, India',9971348802),(172,'Amy','Jackson','15-12-1965','M','761 Angela Drive, Lisaport, Minnesota, India',8173944803),(173,'Alyssa','Smith','17-05-1954','M','993 Franco Lake, Perkinsbury, Vermont, India',9914849733),(174,'Tammy','Munoz','29-11-1988','F','897 Paul Underpass, New Feliciahaven, Kentucky, India',8843070774),(175,'Christian','Andrews','08-11-1974','F','71 Maxwell Wall, New Calebville, California, India',7085468632),(176,'Jeffrey','Stone','26-01-1969','F','796 John Stream, Arnoldburgh, Arizona, India',7744665460),(177,'Jason','Rodriguez','15-05-1957','M','971 Benjamin Plains, Kimville, Arizona, India',7500039691),(178,'Deborah','Smith','15-05-1951','F','188 Charles Ports, West Tiffanyborough, North Carolina, India',7448751580),(179,'Marcus','Thompson','22-08-1990','M','526 Terrell Camp, West Paula, Louisiana, India',9427398064),(180,'Alyssa','Adams','27-11-1977','F','700 Hailey Garden, New Mariastad, Kansas, India',8869951832),(181,'Devin','Colon','14-04-1997','F','976 Vincent Road, Port Brian, Alabama, India',7049926148),(182,'Daniel','Bennett','30-08-1958','M','348 Christina Plains, Carrstad, California, India',9649460228),(183,'Robert','Anderson','29-09-1955','F','908 Roberts Gardens, North Codytown, Oklahoma, India',8641390659),(184,'Patricia','Harris','26-02-1973','F','819 Pierce Stream, Port Katherineborough, South Carolina, India',7592132926),(185,'David','Aguilar','07-08-1994','F','938 Brittany Causeway, South Jeffrey, Kentucky, India',8790743755),(186,'John','Nichols','22-07-1999','M','812 Ellis Mountain, Melvinshire, Colorado, India',9344772988),(187,'Erik','Cross','20-06-1970','F','528 Mays Highway, New Lawrence, Vermont, India',8392890564),(188,'Albert','Adams','12-10-1985','F','876 Tony Groves, Friedmanmouth, Alaska, India',7963996894),(189,'Angela','Payne','22-12-1962','M','351 Reed Burg, Lake Amyport, Rhode Island, India',7053885403),(190,'Rhonda','Pearson','09-05-1999','M','437 Farmer Crescent, South Christinaview, Mississippi, India',8851687281),(191,'Cody','Banks','27-09-1969','M','767 Miller Place, Port Thomasville, Idaho, India',8176545352),(192,'Scott','Villa','24-11-1979','F','371 Brian Way, Sanchezshire, Montana, India',8218702600),(193,'Sara','White','14-07-1995','F','921 Lisa Forge, Conwaybury, Arkansas, India',9479423420),(194,'Shannon','Gallagher','05-06-1964','M','852 Christopher Union, Bennettmouth, Rhode Island, India',8137607479),(195,'Shannon','Turner','08-07-1966','M','76 Harvey Prairie, Bartontown, New Jersey, India',8995336398),(196,'Daniel','Williams','31-05-1992','M','423 Erin Plains, Lisaport, Arizona, India',7795686607),(197,'Rebecca','Schultz','19-12-1987','F','313 Carl Pine, Nancystad, Missouri, India',7444254638),(198,'Louis','Rubio','20-11-1967','F','202 Johnson Mountain, Mosleyberg, Kentucky, India',9153373762),(199,'Michelle','Roberts','29-07-1968','F','378 Anderson Lights, Michaelmouth, Nevada, India',9569721726),(200,'Nancy','Reyes','25-06-1985','M','617 Tyler Meadow, Ochoaburgh, South Carolina, India',9864577150),(201,'Gail','White','13-03-1945','F','825 West Cliffs, West Zacharyborough, New Hampshire, India',7450871227),(202,'Barbara','Mann','21-04-1965','M','448 Reyes Crossing, Lake Samuelborough, Alaska, India',9304311388),(203,'Paul','Snyder','14-08-1998','M','562 Jessica Meadow, Newtonfort, Alaska, India',9395511076),(204,'Deborah','Meyer','11-12-1998','M','325 Sarah Locks, Grayside, North Dakota, India',8668568948),(205,'Patricia','Warner','20-06-1975','F','368 William Ramp, West Louis, Ohio, India',9228274529),(206,'Caleb','Henry','01-04-1981','F','261 Flynn Radial, Christopherbury, Maine, India',9823576410),(207,'Katrina','Johnson','27-12-1948','M','927 Sutton Islands, Andersonchester, Oklahoma, India',9679153390),(208,'Jose','Ross','26-10-1982','M','275 Greene Extension, Spencerland, Delaware, India',7860798645),(209,'Brian','Parker','22-04-1994','M','493 Jody Cliff, Valerieton, North Dakota, India',7763322032),(210,'Paul','Sullivan','08-08-1967','F','69 Lindsey Prairie, Port Katherine, Rhode Island, India',7353460191),(211,'Nancy','Flynn','12-08-1984','M','984 Smith Corner, East David, Alabama, India',8388561738),(212,'John','Moore','14-07-1961','F','975 Vincent Village, Mcfarlandland, Mississippi, India',8041423128),(213,'Ian','Hill','05-06-1962','F','544 Donald Meadows, Petersonborough, Maine, India',9162614285),(214,'James','Frank','09-02-1944','M','566 Jeffrey Bypass, Jenniferberg, Georgia, India',9046883952),(215,'Amy','Krueger','15-08-1980','F','113 Mark Harbor, West Dianemouth, Alabama, India',8158378495),(216,'David','Hughes','28-10-1997','F','262 Pierce Centers, New Jasmineton, South Dakota, India',7443664169),(217,'Mary','Kim','04-03-1991','M','400 Lopez Inlet, New Robertborough, Oregon, India',9693653066),(218,'Peter','Foster','27-02-1954','M','188 Jane Estate, Robertton, Georgia, India',9016799173),(219,'Eric','Sellers','05-12-1957','F','702 Tiffany Expressway, Port Tracy, Wyoming, India',9565209798),(220,'Roger','Gross','19-11-2001','F','185 Michael Keys, Camachochester, Montana, India',7981398223),(221,'James','Skinner','23-06-1995','F','369 Leah Garden, North Tylerstad, Oregon, India',9427681587),(222,'James','Meyer','10-01-1986','M','46 Brenda Squares, Ramosfort, Michigan, India',9832282928),(223,'Walter','Burke','03-11-1978','F','158 Wise Hollow, South Michael, Hawaii, India',7553211912),(224,'Sherry','Smith','24-04-1992','M','274 Young Square, Greenburgh, Kentucky, India',9755162764),(225,'Stephanie','Coleman','15-03-1999','F','452 Crystal Manors, Adamsborough, California, India',8230678878),(226,'Michael','Anderson','05-11-1946','M','669 Vega Highway, Lake Laurenview, South Dakota, India',8653867881),(227,'Joshua','Russell','01-04-1999','F','831 Williams Branch, Paulside, Michigan, India',8274554243),(228,'Derek','Silva','31-07-1967','F','824 Miller Meadows, Duncanfort, Illinois, India',7328871148),(229,'Kayla','Flores','14-12-1969','F','132 Jeffrey Spring, South Codyside, Arkansas, India',9093763842),(230,'Emma','Lewis','27-10-1993','M','482 Matthew Mountains, North Samuelborough, New Mexico, India',8676237464),(231,'Bethany','Watson','17-12-1998','M','484 Joseph Cliffs, South Joshuashire, Oklahoma, India',9396065513),(232,'Thomas','Armstrong','29-01-1990','M','414 Zachary Crossroad, Davenportville, South Dakota, India',9002547182),(233,'James','Suarez','07-12-1982','F','513 Watson Squares, West Scott, Vermont, India',9723516283),(234,'Deborah','Collins','22-11-1972','M','615 Paul Ranch, Lisachester, Minnesota, India',8558895645),(235,'Timothy','Richardson','25-08-1991','F','922 Christine Well, Grantchester, Montana, India',7218608918),(236,'Douglas','Atkinson','04-01-1971','M','386 Glenn Trafficway, Crosbytown, Michigan, India',8082627406),(237,'Mark','Campbell','18-03-1989','M','91 White Causeway, South Oscarville, Florida, India',7019622392),(238,'Ashley','Jordan','11-05-1944','M','375 Rebecca Dam, New Jessica, Florida, India',7574339512),(239,'Lisa','Russell','23-06-1997','M','644 Spencer Forks, South Jamesberg, Louisiana, India',8503941051),(240,'Scott','Lyons','13-04-1953','M','894 Dawson Lake, Port Phillipland, West Virginia, India',7608143744),(241,'Stephen','Drake','10-04-1985','F','37 Walsh River, Tracyhaven, Oregon, India',8264160711),(242,'Katherine','Zuniga','11-04-1972','M','428 Bishop Plaza, Ortegaport, Minnesota, India',7520240965),(243,'Darrell','Mcmillan','16-01-1953','M','132 Bowen Loop, West Nicolebury, Michigan, India',7463706263),(244,'Amanda','Jefferson','03-03-2002','F','519 Cameron Street, South Michelleberg, Georgia, India',9039813609),(245,'Emma','Rhodes','15-12-1973','F','492 Jacqueline Stravenue, Brianstad, Indiana, India',8962512660),(246,'Diana','Willis','30-08-1993','F','221 John Plains, North Randall, Virginia, India',8362768052),(247,'Kelly','Scott','27-11-1943','F','765 Erin Common, South Joshuaview, South Carolina, India',9829224353),(248,'Elizabeth','Atkinson','24-05-1990','M','743 Andrews Centers, Wandaview, Montana, India',9070794804),(249,'Michael','Jensen','12-02-2002','F','504 Cooper Neck, North Haleyhaven, New Mexico, India',9008098666),(250,'Jason','Good','29-06-1956','F','953 Moore Ranch, Carlsonfort, Wyoming, India',8437885364),(251,'Emily','Butler','27-10-1943','M','648 Charles Heights, Rodriguezville, Wyoming, India',7733128704),(252,'Steven','Keller','24-05-1996','F','270 Rojas Groves, North Thomasmouth, Maine, India',9650474863),(253,'David','Shelton','03-10-1954','M','386 Nicholas Land, Port Michael, New York, India',9566428574),(254,'Shannon','Fisher','04-12-1978','F','466 Becker Islands, North Desiree, Wisconsin, India',7863581382),(255,'Anita','Gardner','24-02-1946','M','499 Daniel Avenue, Barrstad, Florida, India',7373058526),(256,'Philip','Nichols','24-08-1993','F','428 Foster Gardens, Port Michaelfort, California, India',7171831858),(257,'Bradley','Miller','23-06-1944','F','242 Carol Wells, South Justinfurt, Minnesota, India',7779018634),(258,'Eugene','Parker','25-08-1965','M','236 Cisneros Grove, Meghanfort, North Carolina, India',9736612692),(259,'Jennifer','King','06-07-1976','F','656 Jennifer Well, Timothyport, New Hampshire, India',7335069505),(260,'Amber','Logan','24-07-1956','F','144 Bruce Course, Lake Phyllisburgh, Arkansas, India',7697627023),(261,'Charles','Lucas','05-02-1989','M','161 Brian Well, North Richard, Maine, India',9637165861),(262,'Kevin','Porter','06-10-2002','M','823 Alvarez Trail, West Kathleenport, Idaho, India',7429675312),(263,'Jose','Cox','04-09-1973','M','114 Danielle Lights, Glassport, Alabama, India',8976068966),(264,'Lisa','Taylor','20-09-1985','M','575 Julie Inlet, Perrystad, Idaho, India',9951090534),(265,'Cynthia','Becker','19-03-1992','M','474 Brown Hill, Carrstad, North Carolina, India',8959682493),(266,'Rebecca','Hicks','21-03-1967','F','693 Ryan Key, Haroldberg, South Carolina, India',8154735400),(267,'Sandra','Walton','25-07-1979','F','459 Moore Summit, Myersshire, Oklahoma, India',8381024911),(268,'Ethan','Stewart','03-10-2001','M','717 Eugene Gardens, North Brianview, South Carolina, India',9689019393),(269,'Jasmine','Hale','13-11-1979','F','561 Patricia Gateway, Nathanport, Oklahoma, India',8138805813),(270,'Anthony','Foster','25-06-1956','M','6 Blackwell Parkways, Veronicamouth, Iowa, India',9852904126),(271,'Ryan','Davis','13-04-1994','F','525 Ashley Ranch, Debrashire, Oklahoma, India',7748753733),(272,'Deborah','Barrett','21-01-1997','M','366 Garcia Extensions, Port Elizabeth, Hawaii, India',7568824209),(273,'Manuel','Jenkins','20-12-1948','M','983 Michael Union, East Dwayneview, Oregon, India',8846911663),(274,'Tiffany','Johnson','14-06-2000','M','260 Turner Trace, Jacksonborough, New Hampshire, India',8903989122),(275,'Jared','Diaz','05-12-2000','F','588 Sarah Mall, Angelaton, Kentucky, India',9544015068),(276,'Robert','Vasquez','13-12-1975','F','818 Dean Plaza, New Elizabeth, Missouri, India',8159435386),(277,'Jerry','Kline','09-12-1978','F','873 Rodriguez Flat, Melissachester, New Mexico, India',8622658094),(278,'James','Nichols','25-05-1966','F','26 Gonzalez Loop, Joneston, South Carolina, India',7852586014),(279,'Abigail','Brooks','01-07-1992','F','6 James Gateway, Shawnfort, New Hampshire, India',9202557806),(280,'Charles','Black','06-11-1989','M','196 Murray Crossroad, Fernandezberg, Wyoming, India',7928093546),(281,'Kayla','Carroll','18-01-1977','M','630 Brenda Glens, West Rebeccaburgh, Wyoming, India',9131088694),(282,'Jamie','Wheeler','06-04-1997','M','908 Hunt Place, West Shannon, Oregon, India',8012429345),(283,'Thomas','Nelson','18-07-1950','M','11 Steven Ville, Velasquezside, Utah, India',9557509331),(284,'Shane','Mccarthy','07-08-1970','M','704 Christopher Port, Alisonhaven, Alabama, India',9713002119),(285,'Carol','King','25-09-1997','F','179 Allen Shores, New Rachel, Utah, India',9850664709),(286,'Jose','Scott','19-11-1960','F','125 Rachel Radial, Erinview, Nebraska, India',8096505674),(287,'Robin','Cole','26-02-1964','F','691 Andrew Ford, West Kathy, Oklahoma, India',9987491246),(288,'Ashley','Ortega','18-06-1974','M','401 Hoover Expressway, Kellychester, Louisiana, India',9217219270),(289,'Stephen','Casey','12-04-1960','M','403 Dana Common, Laurenton, Tennessee, India',8128235498),(290,'John','Flowers','22-10-1957','F','844 Susan Freeway, Codyshire, Utah, India',7965234108),(291,'Steven','Bridges','12-02-1998','M','652 King Station, Reevesfurt, Oklahoma, India',7353629351),(292,'Linda','Harvey','17-11-1967','F','997 James Mountains, Joyfurt, Nebraska, India',7133819677),(293,'Eric','Garcia','11-12-1959','F','895 Chandler Stream, Edwardstown, Maryland, India',9358663891),(294,'Shelly','Hernandez','27-11-1964','M','607 Patterson Court, Lake Mark, Wisconsin, India',7849555258),(295,'Donald','Watts','07-04-1980','F','719 Brent Alley, Aaronland, New Mexico, India',7305768635),(296,'Nicholas','Lopez','28-11-1944','M','232 Hall Squares, Lake Amandamouth, Colorado, India',8677914208),(297,'Thomas','Kelley','03-01-1977','M','403 Eric Harbor, Francisstad, Florida, India',9970458830),(298,'Krystal','Lowe','11-05-1988','F','712 Stephenson Drive, East Jason, South Dakota, India',8598675883),(299,'James','Miller','29-10-2001','F','192 Parker Curve, New Kimberly, Vermont, India',8813225763),(300,'Christina','Pacheco','29-05-1994','M','884 Nicholas Track, New Dennis, Tennessee, India',8987958981),(301,'Cynthia','Rodriguez','15-04-1997','F','842 Kimberly Brook, Lake Danaport, Florida, India',9980058948),(302,'Elizabeth','Hernandez','02-06-1953','F','836 Rachel Club, Lunaborough, New Jersey, India',7883940717),(303,'Caleb','Johnson','18-04-1979','F','968 Kerry Lodge, Lake Joannafurt, New York, India',7544829423),(304,'Sarah','Cook','19-07-1969','F','569 Myers Shore, Port Paulburgh, Florida, India',8879458107),(305,'Victoria','Shepard','03-11-1967','F','451 Megan Junction, Griffinbury, Hawaii, India',8195128160),(306,'Jennifer','Harris','03-06-1951','F','478 Kenneth Hollow, Mcmillanfurt, Maryland, India',7371133106),(307,'Mary','Brewer','13-02-1966','F','925 Andrew Ford, Saraton, South Dakota, India',8192717696),(308,'Brian','Leonard','06-03-1949','F','366 Carmen Garden, Janicemouth, Michigan, India',8314079795),(309,'Lisa','Harris','28-07-1970','M','155 Cynthia Lodge, Martineztown, Tennessee, India',9764509537),(310,'Aaron','Kelly','14-06-1978','F','346 James Grove, Samanthaport, Illinois, India',8728881673),(311,'Shelly','Johnson','31-07-1980','F','483 Brown Mountains, Nicoleberg, Nevada, India',8794112664),(312,'Maria','Torres','10-09-1971','M','199 Cheryl Bridge, Elizabethside, Alabama, India',7181006190),(313,'Alyssa','Cole','09-02-1988','F','239 Farrell Bypass, Collinsborough, New York, India',8365415377),(314,'Michael','Reyes','04-12-1952','F','210 Lopez Hills, North Charles, Pennsylvania, India',9062875106),(315,'Levi','Santiago','10-12-1976','F','321 Miller Highway, Deckerview, North Dakota, India',9441000834),(316,'Lindsey','Petty','17-02-1992','F','682 Cruz Heights, Anthonyland, Arkansas, India',7063746006),(317,'Lori','Davis','09-01-1984','F','939 Lindsay Coves, Estesmouth, Indiana, India',8007406049),(318,'Dean','Lowe','27-11-1984','F','576 Rodriguez Manors, New Stephenview, Kentucky, India',9594362428),(319,'Matthew','Larson','26-07-1986','M','513 Melinda Stream, East Christopherhaven, Utah, India',9827751501),(320,'Cory','Jarvis','01-03-1999','F','240 Ashley Drive, Murrayport, Alabama, India',7130062189),(321,'Mackenzie','Nelson','07-02-1965','M','248 Dawn Trail, Jakebury, Montana, India',7595949142),(322,'Matthew','Peterson','16-05-1947','M','665 Lewis Rue, Port Robert, Pennsylvania, India',8010195081),(323,'Karen','Cortez','28-10-1982','F','330 Ethan Route, Port Gina, North Dakota, India',7927925096),(324,'Jeremy','Alexander','09-01-1963','F','30 Shirley Corner, Lisachester, Oklahoma, India',8702035854),(325,'Darlene','Mckinney','07-09-1975','M','56 Brian Cliff, Jackfort, Missouri, India',7018717926),(326,'Kim','Coffey','27-01-1976','M','299 James Coves, New Anthony, Arkansas, India',7517622050),(327,'William','Fry','14-01-1945','F','83 Robertson Inlet, Port Amy, Arkansas, India',9491861530),(328,'Michael','Baker','04-12-1967','F','26 Corey Lake, Mitchellville, North Carolina, India',8741638665),(329,'William','Leon','16-02-1961','F','28 Ross Grove, Oconnorborough, Mississippi, India',8710252181),(330,'Chelsea','Roach','12-03-1987','F','650 Lane Bypass, Moonmouth, Texas, India',9140915927),(331,'Jennifer','Lin','27-11-1997','M','807 Tracy Fork, West Karen, Alaska, India',7500245068),(332,'Thomas','Newton','19-07-1963','M','77 Melissa Stravenue, South Lori, Massachusetts, India',7862638268),(333,'Joseph','Davis','15-10-1969','F','441 Stephanie Via, Lake Harryfurt, New Jersey, India',9449499828),(334,'Joyce','Ortiz','28-04-1955','M','247 Reeves Inlet, South Katrinaburgh, Rhode Island, India',9717908705),(335,'Amber','Mason','14-03-1991','M','328 Webb Trace, Gregoryfort, Kansas, India',9479878907),(336,'Elizabeth','Garcia','24-01-1948','F','27 Seth Heights, Jamesmouth, Oregon, India',8813420852),(337,'Oscar','Bond','31-07-1976','F','568 White Lights, Lake Edwardtown, Ohio, India',9709844141),(338,'Kayla','Robinson','18-08-1992','F','972 Melanie Squares, North Karen, Wyoming, India',7156509858),(339,'Joann','Marks','17-08-1981','M','58 Calderon Course, Piercemouth, Illinois, India',9281671323),(340,'Heather','White','07-02-1998','F','91 Jessica Plaza, Hermanberg, Hawaii, India',9975804121),(341,'Ashley','Davenport','30-11-1993','M','453 Cunningham Lakes, Contrerasfurt, Georgia, India',9169315051),(342,'Andrea','Peterson','21-06-1997','F','540 Karen Forks, Michelleberg, Indiana, India',9990521604),(343,'Glenn','Gutierrez','17-11-1945','F','603 Alexander Spur, Joshuaberg, South Carolina, India',8326575651),(344,'Ryan','Sanchez','29-10-1982','M','669 Lisa Coves, Lake Ashleymouth, Pennsylvania, India',7858057310),(345,'Cathy','Paul','04-04-1971','F','130 Jones Freeway, Kristenland, Massachusetts, India',9266705071),(346,'Lisa','Cruz','03-09-2002','M','162 Sanchez Estates, Brownville, Nevada, India',9833000686),(347,'Veronica','Chase','30-10-1997','M','550 Lori Island, East Juan, Indiana, India',8837971413),(348,'Jennifer','Davenport','06-02-1993','F','907 Andrew Meadows, Parkfort, Washington, India',8980871011),(349,'Emily','Villarreal','21-12-1960','F','188 Benton Stravenue, South Carlyside, Louisiana, India',9497886264),(350,'Joshua','Lin','16-08-1993','M','576 Brown Ports, South Lawrence, Ohio, India',7392974312),(351,'Christine','Rodriguez','01-04-1966','F','89 Jessica Ramp, New Nicholasmouth, California, India',7853044563),(352,'Calvin','Palmer','28-01-1956','M','475 Vazquez Dale, Port Tinatown, Indiana, India',7944372702),(353,'Michael','Williams','04-10-1948','F','229 Miller Drives, Scottton, Pennsylvania, India',7661178889),(354,'Andrew','Gonzalez','29-12-1962','M','459 Livingston Knoll, Gillberg, Texas, India',7222114708),(355,'Meghan','Cox','06-03-1976','F','392 William Drive, South Karlport, Virginia, India',9108443069),(356,'Danny','Lewis','19-07-1995','M','739 Murray Summit, North Samantha, Tennessee, India',7566987677),(357,'Miguel','Campbell','24-08-1949','M','669 Johnson Trafficway, Lake James, Oregon, India',9830963544),(358,'Elizabeth','Kelley','09-10-1989','M','702 Joe Knolls, North Michael, Delaware, India',7134848186),(359,'Laura','Sharp','15-05-1967','M','722 Chapman Cliff, Mirandatown, Ohio, India',8871096811),(360,'Monica','Smith','19-07-2000','F','912 Manuel Trafficway, Frazierton, West Virginia, India',8725294003),(361,'Andrew','Smith','09-11-1999','F','165 Jorge Radial, Joshuaside, New Mexico, India',7877305196),(362,'Keith','Gillespie','12-02-1956','M','619 Karen Crest, Johntown, Arizona, India',7556834511),(363,'Sheri','Perez','04-12-1977','F','446 Katherine Manors, Elizabethtown, Iowa, India',8125375446),(364,'Daniel','Lara','16-11-1989','M','398 Christensen Rue, North Javiermouth, Georgia, India',7368820132),(365,'Nicole','Cox','11-05-1979','F','792 Robinson Bridge, Wallville, Nevada, India',9577472275),(366,'Michael','Williams','19-12-1944','M','307 Bridges Flat, Marshshire, Michigan, India',9303659761),(367,'Elizabeth','Fernandez','28-04-1986','F','659 Ewing Crossing, Garciachester, Hawaii, India',9813206199),(368,'William','Hendricks','12-10-1973','F','884 Wendy Stravenue, Wrightside, Georgia, India',7004687756),(369,'Lisa','Wilson','23-11-1979','F','701 Joanna Canyon, South Mariah, Nebraska, India',7942876562),(370,'Victoria','Parks','12-08-1981','M','281 James Pines, Scottchester, Oklahoma, India',7862886335),(371,'Randy','Evans','09-07-1977','F','145 Miranda Dam, West Sonyaview, Colorado, India',7484113449),(372,'Alex','Joseph','07-12-1943','M','952 Trevino Shoals, East Lucas, Missouri, India',9071834758),(373,'Kenneth','Johnson','31-05-1988','F','640 Taylor Trail, South Kristie, Maryland, India',7012857133),(374,'Teresa','Hale','23-11-1956','M','514 Holmes Way, Amandaside, Alabama, India',7247408507),(375,'Levi','Contreras','09-03-1951','M','900 Alexis Falls, Port Jefferyfurt, Wyoming, India',8025040367),(376,'Jonathon','Jones','20-05-2000','F','857 Matthew Freeway, Angelaland, Washington, India',9520974834),(377,'Jeffery','Rivera','02-06-1980','M','571 Campos Squares, Johnsonton, Ohio, India',9561406847),(378,'Angela','Ware','21-05-1967','M','730 Erin Extension, East Ashleyside, Virginia, India',8777255536),(379,'Amanda','Snyder','01-04-1944','M','148 Alexander Mountain, Phamberg, Wisconsin, India',9899536688),(380,'Melissa','Scott','28-11-2001','F','653 Hale Camp, South Rubenburgh, South Carolina, India',8797761045),(381,'Charles','Black','08-12-1994','M','520 Elliott Terrace, Alvarezland, Louisiana, India',7965038493),(382,'Cory','Murray','20-01-1972','F','789 Gibson Well, South Wendyburgh, Utah, India',9470595119),(383,'Shannon','Harrell','09-05-1964','F','352 Cole Forest, New Jeffrey, New Hampshire, India',9822957810),(384,'Marcia','Morales','03-11-1998','F','417 Swanson Highway, Anthonyland, California, India',9906397524),(385,'Derek','Bradley','13-09-1952','M','891 Dennis Spurs, Bensonport, Massachusetts, India',8504426707),(386,'Susan','Kerr','12-01-1949','F','679 Alison River, South Benjaminfurt, Nebraska, India',9386479671),(387,'April','Mejia','17-08-1996','F','971 Anderson Park, Snowmouth, Kentucky, India',8386828162),(388,'Daniel','Raymond','17-06-1956','M','630 Lisa Viaduct, South Jamesview, Illinois, India',8110097953),(389,'Amanda','Jones','06-11-1989','F','324 Padilla Light, Lake Kimberlyhaven, Arizona, India',8652027336),(390,'Erin','Glover','06-05-1987','M','94 Stevens Pass, Catherinefort, Maine, India',9696843833),(391,'Jessica','Travis','14-05-1996','F','423 Jaime Stravenue, East Melanieberg, Illinois, India',8248348885),(392,'Adam','Dyer','05-02-2004','F','201 Cole Mill, Williamshire, Delaware, India',8082375884),(393,'Chelsea','Evans','28-04-1974','F','140 Herring Ports, Marcusberg, Arizona, India',9156210809),(394,'Kathleen','Barr','07-07-1965','F','11 Michelle Fall, Lake Felicia, Michigan, India',9094333543),(395,'Lindsay','Andrews','04-02-2004','F','960 James Greens, Port Justinchester, Alabama, India',9245385839),(396,'Anna','Perkins','27-02-1951','M','453 Jennifer Brooks, South David, Virginia, India',8751951320),(397,'Jonathan','Johnson','20-04-1964','F','864 Collins Locks, North Earl, Alabama, India',7726872079),(398,'Philip','Norton','09-07-1974','M','37 Keller Stravenue, Dariustown, Arkansas, India',9974726834),(399,'Michael','Castillo','03-10-1958','M','828 Richard Squares, Lake Laurachester, Arkansas, India',8459689912),(400,'Cynthia','Coleman','01-05-1948','F','567 Zachary Viaduct, Johnstad, Idaho, India',8529179110),(401,'Tyler','Lopez','02-05-1975','M','240 Chambers Summit, Kingbury, Massachusetts, India',8501910204),(402,'Mary','Ortiz','10-05-1976','F','597 Nicole Track, Lake Jeffreytown, Indiana, India',7805212358),(403,'Dylan','Brown','08-10-1950','M','928 Autumn Knolls, Travisside, California, India',9476358700),(404,'Joseph','Crawford','01-05-1994','F','737 Taylor Forges, Wallsmouth, Connecticut, India',8660368959),(405,'Thomas','Patterson','13-08-1964','F','807 Derek Fall, North Tanner, Nebraska, India',9029030440),(406,'Leah','Humphrey','31-03-1950','M','402 Douglas Garden, South Loriburgh, Ohio, India',7193370936),(407,'Brianna','Davis','30-09-1948','F','272 Sanders Wall, West Anne, Alaska, India',9157158339),(408,'Connie','Young','06-06-1982','F','161 Joseph Flats, Lake Debbieburgh, Michigan, India',8972773938),(409,'Patricia','Lang','13-08-1996','M','724 Andrew Point, Mcbridebury, Oklahoma, India',9499726181),(410,'Jason','West','26-04-1988','M','850 Elizabeth Canyon, Lake Reginaview, Wisconsin, India',9523525376),(411,'Dana','Garcia','15-06-1954','M','244 Robert Corners, New Alejandro, Oregon, India',8267670596),(412,'Andrew','Sandoval','11-01-1946','F','992 Austin Bypass, Lewishaven, Nebraska, India',9995263339),(413,'Megan','Webb','28-01-2002','M','131 Simpson Ridge, Brownbury, Minnesota, India',9846717698),(414,'Andrew','White','05-03-1978','F','248 Boone Lock, Amyfort, California, India',8660142020),(415,'Jennifer','Bentley','30-04-1977','M','688 Phillips Ports, South Taylormouth, Delaware, India',8851974126),(416,'Samantha','Robinson','02-09-1952','F','637 Julia Green, Huertaburgh, Maryland, India',8990932742),(417,'Luis','Brown','13-11-1972','F','755 Justin Rapids, East Vanessaburgh, Rhode Island, India',9051443159),(418,'Edward','Butler','22-05-1965','M','311 Matthew Club, New Samanthahaven, Colorado, India',7951543869),(419,'Jeffrey','Powers','25-08-1993','M','662 Deborah Keys, North Scottchester, Oklahoma, India',9623497598),(420,'Mary','Sosa','21-08-1962','F','527 Diaz Freeway, Vincentport, North Carolina, India',9021172415),(421,'Edward','Peterson','30-12-1972','M','344 Rodriguez Street, Port Chris, Pennsylvania, India',8469448852),(422,'Elizabeth','Johnson','27-10-1964','M','900 Ryan Vista, West Tylerfort, Hawaii, India',9431949603),(423,'Kenneth','Chapman','18-11-1964','M','860 Foster Plains, Amybury, Ohio, India',9154441650),(424,'Patrick','Lambert','12-06-1948','F','500 Sarah Estates, South Kevin, Utah, India',8476950434),(425,'Angela','Edwards','04-11-1991','F','649 May Ridge, Lake Nathanielmouth, Texas, India',7120429062),(426,'Troy','Wiggins','02-08-1993','M','863 Jennifer Fields, Newtonbury, California, India',9981584053),(427,'David','Holloway','24-06-1993','M','797 William Orchard, Lake Alexanderborough, Kansas, India',9410299412),(428,'Vincent','Sullivan','03-11-1973','F','810 Lopez Lakes, New Christina, Indiana, India',8858991304),(429,'Alexis','Arnold','25-09-1985','F','894 Scott Shore, Christianmouth, North Carolina, India',7969306853),(430,'Robert','Guerrero','23-06-1973','F','323 Steven Keys, Jonathantown, Maine, India',7294105858),(431,'Matthew','Perkins','15-11-1993','F','465 Lee Junction, New Michaelmouth, Montana, India',9951451807),(432,'Kimberly','Thompson','02-06-1976','M','535 Edwards Summit, East Anthony, Virginia, India',9216438225),(433,'Jessica','Mathews','14-07-1986','F','300 Danielle Inlet, New Pamelastad, Colorado, India',7742889084),(434,'Brittany','Mendoza','30-08-1948','F','536 Taylor Hill, New Erikchester, Arizona, India',7142199842),(435,'David','Reese','01-01-1983','M','591 Reyes Dam, Myerston, South Carolina, India',8333232949),(436,'Austin','Steele','20-03-1953','M','484 Stephanie Junctions, Burkeport, Maryland, India',9375871538),(437,'Monique','Velasquez','02-10-1951','M','188 John Plaza, Christinaside, Arizona, India',9692751797),(438,'Jonathan','Miller','21-08-1994','M','682 Elizabeth Village, Colonhaven, Maryland, India',9016162676),(439,'Cynthia','Hunt','03-04-1965','M','388 Monica Fort, Toddside, South Dakota, India',9500563377),(440,'Jessica','Mack','16-05-1950','M','454 Humphrey Forks, Port Taylor, Maryland, India',9286817257),(441,'Raymond','Frye','31-03-1983','M','994 Dawn Lake, East Nathanberg, Virginia, India',9934381225),(442,'Briana','Franklin','20-06-1944','M','740 Lynn Land, Wongmouth, Arkansas, India',9054269986),(443,'Briana','Gonzalez','08-04-1970','F','236 Price Terrace, Mortonbury, New Mexico, India',8202472397),(444,'Nicholas','Jones','26-04-1989','F','940 Walsh Garden, West Amyshire, New Mexico, India',7882208957),(445,'Anthony','Brown','07-05-2003','M','775 Louis Via, Kimberlyville, South Carolina, India',8706060509),(446,'Rachel','Alvarado','27-06-1989','M','736 Harvey Cliff, Allisonberg, Massachusetts, India',9898519716),(447,'Kari','Maldonado','02-03-1971','M','152 Frost Garden, Port Crystal, New Hampshire, India',7280827413),(448,'Steven','Chan','15-06-1990','M','682 Andrew Shoal, Josephstad, Maine, India',7008608571),(449,'Chelsea','Thornton','26-12-1994','F','28 Jackson Lodge, North Isabella, South Dakota, India',8282667259),(450,'Heather','James','01-06-1970','F','594 Gregory Avenue, Patrickside, New Jersey, India',7550024644),(451,'Juan','Medina','30-01-1977','M','9 Collins Row, West Monica, Delaware, India',8810660466),(452,'Maria','Ellis','03-04-1944','F','145 Larson Way, Port Michaelberg, Maine, India',8307081867),(453,'Samantha','Chavez','15-02-1995','M','996 William Manors, New Evelynborough, South Dakota, India',7175567161),(454,'David','Silva','12-09-1951','M','419 Richard Stravenue, Annhaven, Florida, India',9113816062),(455,'Angel','Berger','26-12-1970','M','532 Taylor Meadows, North Mauriceview, Indiana, India',7094328874),(456,'Bobby','Williams','05-07-1966','F','262 Michael Shoal, Andrewhaven, Vermont, India',9491368300),(457,'Lawrence','Lang','28-01-1971','F','261 Middleton Ports, Katherinefort, New Jersey, India',7779506243),(458,'Matthew','Nichols','13-02-1945','M','585 Porter Junction, Johnchester, Arkansas, India',7635198865),(459,'Patrick','Pope','07-07-1960','F','381 Shannon Mountain, Vaughanburgh, Texas, India',8551183779),(460,'Michelle','Douglas','10-05-1956','F','299 Sarah Mountain, Graveston, Arkansas, India',8597073966),(461,'Jamie','Long','17-03-1962','F','391 Brooks Gateway, East Angela, Michigan, India',9542049739),(462,'Caroline','Mccoy','31-12-2002','M','320 Dorothy Canyon, South Kimberlyville, North Dakota, India',9502403736),(463,'Laura','Gilbert','05-08-1970','M','358 Brown Parkways, Martinezborough, Wyoming, India',8119411006),(464,'James','Gay','10-04-1954','M','37 Roberson Well, Loriburgh, Arkansas, India',7511490181),(465,'Isaac','Ford','04-12-1958','M','516 Duane Crescent, East Phillip, South Dakota, India',9566998888),(466,'Phillip','Stevens','19-09-1977','M','456 Hebert Greens, Brandonmouth, Connecticut, India',8326418164),(467,'Matthew','Sherman','09-07-1988','F','219 Maria Common, Victoriatown, New Mexico, India',7889674908),(468,'Jennifer','Snyder','14-06-2000','F','867 Morales Freeway, Evanstown, California, India',8531136197),(469,'George','Wells','02-03-1997','M','655 Gonzalez Run, Jesseview, South Dakota, India',9101320535),(470,'Michael','Hammond','16-08-1989','M','701 Corey Throughway, New David, South Dakota, India',7528827683),(471,'Toni','Taylor','23-07-1996','M','392 Benjamin Dale, Popeside, West Virginia, India',7614819322),(472,'Mary','Nichols','23-03-1996','M','180 Jackson Shores, East Richardfurt, Tennessee, India',9186735090),(473,'Erin','Smith','18-11-1972','M','336 Kimberly Unions, North Janice, Arizona, India',9782354511),(474,'Glenn','Matthews','24-12-1963','F','43 Darlene Drives, North Leemouth, Tennessee, India',9678833406),(475,'Marcus','Cruz','26-12-1946','F','484 Bradley Glens, Sierrastad, Maine, India',9725561503),(476,'Brandon','Ho','01-06-1981','M','865 Breanna Ways, West Johnville, Georgia, India',9507318692),(477,'Leslie','Fitzgerald','02-06-1944','F','420 Natasha Rapid, North Jessicabury, Maine, India',8553590363),(478,'James','Pruitt','31-05-1990','M','667 Katherine Brook, West Randy, Texas, India',7516438484),(479,'Jonathon','Mcmillan','21-04-1987','M','372 Daniel Wall, New Rhondabury, Wyoming, India',7892546499),(480,'Edward','Allen','17-12-2000','F','756 Robert Hills, Port Derek, Virginia, India',8229217151),(481,'Michael','Holt','30-05-1951','F','794 Blevins Drive, Flynnchester, Montana, India',9773328139),(482,'Whitney','Leon','05-10-1994','F','844 Amanda Forges, West Troy, Arkansas, India',7462928638),(483,'Ellen','Mcconnell','03-08-1987','F','882 Oscar Freeway, Nancyburgh, Wyoming, India',7595278436),(484,'Charles','Ramsey','12-09-1953','F','817 Randy Meadows, Jamiemouth, Maine, India',9821294413),(485,'Mitchell','Walker','17-08-1995','F','466 Nicholas Light, South Robert, South Dakota, India',7959960731),(486,'Cynthia','Webb','02-01-1987','F','168 Clarke Burg, North Robert, California, India',7766859587),(487,'Brandon','Nguyen','25-06-2001','F','513 Billy Villages, New Rebekah, Rhode Island, India',8836475868),(488,'Tonya','Phillips','29-06-1992','M','370 Richard Gardens, South Glenfort, Massachusetts, India',9739050391),(489,'Heather','Weaver','21-04-1955','M','532 Simmons Lake, South Lindaport, Pennsylvania, India',7763265345),(490,'Sierra','Schneider','22-05-1948','F','543 Galvan Alley, South Dannyburgh, Wyoming, India',7133977527),(491,'Julie','Baker','31-05-1974','F','771 Angel Falls, Williamston, Oklahoma, India',8740222833),(492,'Nathaniel','Lindsey','02-08-1946','F','197 Schultz Plaza, New Jason, Arizona, India',8368193875),(493,'Colin','Brown','08-11-1971','F','116 Adam Meadows, Lake Valerieland, Georgia, India',7105922326),(494,'Tara','Porter','29-01-1994','M','170 Williamson Port, Michaelview, Indiana, India',8139101769),(495,'Michael','Faulkner','24-02-1958','F','971 Amanda Plains, Juanburgh, Utah, India',7547871032),(496,'Tara','Jackson','25-07-1972','F','730 Tate Dale, West Douglashaven, Georgia, India',9907827612),(497,'Shannon','Carroll','04-11-1998','M','91 Eric Locks, South Alextown, Iowa, India',9715393561),(498,'Michelle','Tucker','22-09-1959','F','761 Lynn Courts, Livingstonstad, Maryland, India',7493675774),(499,'Darin','Fernandez','16-06-1975','F','767 Willis Shoals, South Erinmouth, Minnesota, India',7252049924),(500,'Jennifer','Holt','21-05-1998','M','657 Scott Street, Matthewland, South Carolina, India',7757274896);
/*!40000 ALTER TABLE `patients` ENABLE KEYS */;
UNLOCK TABLES;

--
-- Table structure for table `prescriptions`
--

DROP TABLE IF EXISTS `prescriptions`;
/*!40101 SET @saved_cs_client     = @@character_set_client */;
/*!50503 SET character_set_client = utf8mb4 */;
CREATE TABLE `prescriptions` (
  `prescription_id` int DEFAULT NULL,
  `appointment_id` int DEFAULT NULL,
  `medication` text,
  `dosage` text,
  `instructions` text
) ENGINE=InnoDB DEFAULT CHARSET=utf8mb4 COLLATE=utf8mb4_0900_ai_ci;
/*!40101 SET character_set_client = @saved_cs_client */;

--
-- Dumping data for table `prescriptions`
--

LOCK TABLES `prescriptions` WRITE;
/*!40000 ALTER TABLE `prescriptions` DISABLE KEYS */;
INSERT INTO `prescriptions` VALUES (1,1,'Hydrochlorothiazide','81 mg','Take on an empty stomach'),(2,2,'Simvastatin','500 mg','Take before bedtime'),(3,3,'Lisinopril','20 mg','Take every 6 hours as needed'),(4,4,'Aspirin','20 mg','Take every 8 hours as needed'),(5,5,'Amoxicillin','10 mg','Take with a full glass of water'),(6,6,'Hydrochlorothiazide','10 mg','Take every 6 hours as needed'),(7,7,'Simvastatin','20 mg','Take twice daily'),(8,8,'Lisinopril','500 mg','Take every 8 hours as needed'),(9,9,'Amoxicillin','20 mg','Take with food'),(10,10,'Hydrochlorothiazide','20 mg','Take with a full glass of water'),(11,11,'Simvastatin','250 mg','Take with food'),(12,12,'Acetaminophen','10 mg','Take on an empty stomach'),(13,13,'Metformin','1000 IU','Take before bedtime'),(14,14,'Acetaminophen','10 mg','Take every 6 hours as needed'),(15,15,'Acetaminophen','500 mg','Take before bedtime'),(16,16,'Ibuprofen','500 mg','Take every 6 hours as needed'),(17,17,'Amoxicillin','5 mg','Take on an empty stomach'),(18,18,'Aspirin','50 mg','Take for 7 days'),(19,19,'Ibuprofen','500 mg','Take on an empty stomach'),(20,20,'Acetaminophen','1000 IU','Take on an empty stomach'),(21,21,'Lisinopril','500 mg','Take with a full glass of water'),(22,22,'Vitamin D','500 mg','Take every 6 hours as needed'),(23,23,'Amoxicillin','200 mg','Take with a full glass of water'),(24,24,'Hydrochlorothiazide','1000 IU','Take every 6 hours as needed'),(25,25,'Vitamin D','1000 IU','Take every 8 hours as needed'),(26,26,'Vitamin D','500 mg','Take with food'),(27,27,'Vitamin D','500 mg','Take every 12 hours'),(28,28,'Prednisone','20 mg','Take every 8 hours as needed'),(29,29,'Amoxicillin','50 mg','Take with food'),(30,30,'Ibuprofen','1000 IU','Take with food'),(31,31,'Prednisone','5 mg','Take with a full glass of water'),(32,32,'Ibuprofen','5 mg','Take once daily'),(33,33,'Lisinopril','200 mg','Take every 12 hours'),(34,34,'Hydrochlorothiazide','1000 IU','Take with a full glass of water'),(35,35,'Hydrochlorothiazide','250 mg','Take with a full glass of water'),(36,36,'Ibuprofen','500 mg','Take every 6 hours as needed'),(37,37,'Amoxicillin','250 mg','Take with a full glass of water'),(38,38,'Lisinopril','250 mg','Take once daily'),(39,39,'Prednisone','81 mg','Take with food'),(40,40,'Hydrochlorothiazide','250 mg','Take twice daily'),(41,41,'Prednisone','500 mg','Take with food'),(42,42,'Simvastatin','20 mg','Take every 8 hours as needed'),(43,43,'Hydrochlorothiazide','500 mg','Take every 6 hours as needed'),(44,44,'Acetaminophen','81 mg','Take twice daily'),(45,45,'Prednisone','500 mg','Take once daily'),(46,46,'Lisinopril','250 mg','Take every 6 hours as needed'),(47,47,'Lisinopril','20 mg','Take twice daily'),(48,48,'Aspirin','50 mg','Take on an empty stomach'),(49,49,'Aspirin','500 mg','Take with food'),(50,50,'Ibuprofen','500 mg','Take every 6 hours as needed'),(51,51,'Simvastatin','500 mg','Take every 12 hours'),(52,52,'Simvastatin','81 mg','Take every 8 hours as needed'),(53,53,'Amoxicillin','5 mg','Take every 12 hours'),(54,54,'Prednisone','500 mg','Take with food'),(55,55,'Prednisone','81 mg','Take with food'),(56,56,'Prednisone','10 mg','Take every 12 hours'),(57,57,'Acetaminophen','50 mg','Take every 6 hours as needed'),(58,58,'Ibuprofen','10 mg','Take every 8 hours as needed'),(59,59,'Ibuprofen','200 mg','Take before bedtime'),(60,60,'Acetaminophen','50 mg','Take once daily'),(61,61,'Hydrochlorothiazide','1000 IU','Take on an empty stomach'),(62,62,'Ibuprofen','81 mg','Take once daily'),(63,63,'Hydrochlorothiazide','10 mg','Take every 12 hours'),(64,64,'Aspirin','500 mg','Take before bedtime'),(65,65,'Vitamin D','5 mg','Take on an empty stomach'),(66,66,'Lisinopril','1000 IU','Take for 7 days'),(67,67,'Vitamin D','1000 IU','Take every 12 hours'),(68,68,'Ibuprofen','50 mg','Take every 6 hours as needed'),(69,69,'Metformin','50 mg','Take twice daily'),(70,70,'Hydrochlorothiazide','10 mg','Take every 12 hours'),(71,71,'Ibuprofen','5 mg','Take before bedtime'),(72,72,'Acetaminophen','5 mg','Take every 8 hours as needed'),(73,73,'Ibuprofen','250 mg','Take every 6 hours as needed'),(74,74,'Prednisone','500 mg','Take twice daily'),(75,75,'Metformin','50 mg','Take once daily'),(76,76,'Lisinopril','1000 IU','Take every 6 hours as needed'),(77,77,'Hydrochlorothiazide','20 mg','Take every 8 hours as needed'),(78,78,'Hydrochlorothiazide','500 mg','Take before bedtime'),(79,79,'Metformin','500 mg','Take on an empty stomach'),(80,80,'Prednisone','5 mg','Take every 12 hours'),(81,81,'Hydrochlorothiazide','50 mg','Take once daily'),(82,82,'Amoxicillin','1000 IU','Take every 8 hours as needed'),(83,83,'Vitamin D','200 mg','Take twice daily'),(84,84,'Hydrochlorothiazide','500 mg','Take twice daily'),(85,85,'Vitamin D','81 mg','Take once daily'),(86,86,'Prednisone','81 mg','Take twice daily'),(87,87,'Lisinopril','5 mg','Take twice daily'),(88,88,'Amoxicillin','1000 IU','Take with a full glass of water'),(89,89,'Amoxicillin','500 mg','Take once daily'),(90,90,'Prednisone','20 mg','Take for 7 days'),(91,91,'Ibuprofen','81 mg','Take on an empty stomach'),(92,92,'Ibuprofen','5 mg','Take on an empty stomach'),(93,93,'Ibuprofen','81 mg','Take for 7 days'),(94,94,'Prednisone','81 mg','Take twice daily'),(95,95,'Aspirin','500 mg','Take once daily'),(96,96,'Hydrochlorothiazide','20 mg','Take on an empty stomach'),(97,97,'Amoxicillin','200 mg','Take on an empty stomach'),(98,98,'Vitamin D','500 mg','Take every 8 hours as needed'),(99,99,'Vitamin D','10 mg','Take every 6 hours as needed'),(100,100,'Amoxicillin','500 mg','Take with a full glass of water'),(101,101,'Vitamin D','10 mg','Take once daily'),(102,102,'Lisinopril','1000 IU','Take before bedtime'),(103,103,'Acetaminophen','200 mg','Take every 12 hours'),(104,104,'Prednisone','10 mg','Take once daily'),(105,105,'Aspirin','81 mg','Take before bedtime'),(106,106,'Acetaminophen','1000 IU','Take before bedtime'),(107,107,'Vitamin D','81 mg','Take every 12 hours'),(108,108,'Vitamin D','5 mg','Take before bedtime'),(109,109,'Prednisone','500 mg','Take before bedtime'),(110,110,'Metformin','1000 IU','Take with a full glass of water'),(111,111,'Amoxicillin','500 mg','Take every 6 hours as needed'),(112,112,'Aspirin','5 mg','Take every 8 hours as needed'),(113,113,'Acetaminophen','20 mg','Take on an empty stomach'),(114,114,'Hydrochlorothiazide','20 mg','Take every 8 hours as needed'),(115,115,'Amoxicillin','81 mg','Take for 7 days'),(116,116,'Aspirin','50 mg','Take twice daily'),(117,117,'Prednisone','500 mg','Take twice daily'),(118,118,'Vitamin D','10 mg','Take twice daily'),(119,119,'Ibuprofen','5 mg','Take twice daily'),(120,120,'Prednisone','200 mg','Take before bedtime'),(121,121,'Vitamin D','1000 IU','Take every 6 hours as needed'),(122,122,'Aspirin','20 mg','Take every 6 hours as needed'),(123,123,'Lisinopril','5 mg','Take every 8 hours as needed'),(124,124,'Hydrochlorothiazide','500 mg','Take twice daily'),(125,125,'Ibuprofen','10 mg','Take every 8 hours as needed'),(126,126,'Acetaminophen','1000 IU','Take twice daily'),(127,127,'Prednisone','1000 IU','Take every 6 hours as needed'),(128,128,'Acetaminophen','81 mg','Take with food'),(129,129,'Vitamin D','250 mg','Take twice daily'),(130,130,'Simvastatin','500 mg','Take before bedtime'),(131,131,'Metformin','50 mg','Take before bedtime'),(132,132,'Vitamin D','250 mg','Take twice daily'),(133,133,'Prednisone','20 mg','Take with a full glass of water'),(134,134,'Acetaminophen','20 mg','Take every 6 hours as needed'),(135,135,'Lisinopril','20 mg','Take for 7 days'),(136,136,'Amoxicillin','200 mg','Take every 8 hours as needed'),(137,137,'Prednisone','500 mg','Take every 12 hours'),(138,138,'Simvastatin','500 mg','Take twice daily'),(139,139,'Ibuprofen','5 mg','Take on an empty stomach'),(140,140,'Aspirin','500 mg','Take every 8 hours as needed'),(141,141,'Metformin','10 mg','Take with food'),(142,142,'Amoxicillin','1000 IU','Take for 7 days'),(143,143,'Metformin','200 mg','Take for 7 days'),(144,144,'Vitamin D','200 mg','Take twice daily'),(145,145,'Ibuprofen','81 mg','Take every 12 hours'),(146,146,'Metformin','500 mg','Take before bedtime'),(147,147,'Lisinopril','200 mg','Take every 6 hours as needed'),(148,148,'Vitamin D','81 mg','Take on an empty stomach'),(149,149,'Acetaminophen','500 mg','Take before bedtime'),(150,150,'Vitamin D','500 mg','Take before bedtime'),(151,151,'Simvastatin','5 mg','Take on an empty stomach'),(152,152,'Amoxicillin','81 mg','Take for 7 days'),(153,153,'Lisinopril','5 mg','Take with food'),(154,154,'Simvastatin','10 mg','Take twice daily'),(155,155,'Ibuprofen','10 mg','Take every 12 hours'),(156,156,'Ibuprofen','20 mg','Take twice daily'),(157,157,'Lisinopril','500 mg','Take every 12 hours'),(158,158,'Acetaminophen','500 mg','Take for 7 days'),(159,159,'Amoxicillin','5 mg','Take once daily'),(160,160,'Hydrochlorothiazide','1000 IU','Take with food'),(161,161,'Aspirin','5 mg','Take with a full glass of water'),(162,162,'Metformin','500 mg','Take for 7 days'),(163,163,'Hydrochlorothiazide','81 mg','Take every 8 hours as needed'),(164,164,'Simvastatin','500 mg','Take twice daily'),(165,165,'Prednisone','5 mg','Take with a full glass of water'),(166,166,'Amoxicillin','1000 IU','Take every 8 hours as needed'),(167,167,'Metformin','1000 IU','Take with a full glass of water'),(168,168,'Prednisone','500 mg','Take every 12 hours'),(169,169,'Aspirin','20 mg','Take twice daily'),(170,170,'Lisinopril','250 mg','Take every 8 hours as needed'),(171,171,'Ibuprofen','10 mg','Take every 8 hours as needed'),(172,172,'Ibuprofen','50 mg','Take with food'),(173,173,'Simvastatin','5 mg','Take with a full glass of water'),(174,174,'Simvastatin','500 mg','Take every 12 hours'),(175,175,'Lisinopril','200 mg','Take with a full glass of water'),(176,176,'Metformin','500 mg','Take for 7 days'),(177,177,'Lisinopril','500 mg','Take before bedtime'),(178,178,'Aspirin','20 mg','Take on an empty stomach'),(179,179,'Ibuprofen','250 mg','Take twice daily'),(180,180,'Hydrochlorothiazide','10 mg','Take every 12 hours'),(181,181,'Metformin','500 mg','Take once daily'),(182,182,'Hydrochlorothiazide','20 mg','Take once daily'),(183,183,'Ibuprofen','250 mg','Take with a full glass of water'),(184,184,'Hydrochlorothiazide','500 mg','Take once daily'),(185,185,'Vitamin D','10 mg','Take once daily'),(186,186,'Lisinopril','81 mg','Take every 12 hours'),(187,187,'Ibuprofen','500 mg','Take every 8 hours as needed'),(188,188,'Acetaminophen','500 mg','Take twice daily'),(189,189,'Vitamin D','250 mg','Take with a full glass of water'),(190,190,'Prednisone','500 mg','Take every 6 hours as needed'),(191,191,'Hydrochlorothiazide','20 mg','Take every 6 hours as needed'),(192,192,'Metformin','20 mg','Take for 7 days'),(193,193,'Hydrochlorothiazide','500 mg','Take every 12 hours'),(194,194,'Acetaminophen','200 mg','Take before bedtime'),(195,195,'Lisinopril','10 mg','Take before bedtime'),(196,196,'Aspirin','500 mg','Take on an empty stomach'),(197,197,'Vitamin D','5 mg','Take before bedtime'),(198,198,'Amoxicillin','10 mg','Take for 7 days'),(199,199,'Lisinopril','200 mg','Take before bedtime'),(200,200,'Simvastatin','1000 IU','Take every 6 hours as needed'),(201,201,'Aspirin','250 mg','Take before bedtime'),(202,202,'Amoxicillin','81 mg','Take on an empty stomach'),(203,203,'Ibuprofen','200 mg','Take every 6 hours as needed'),(204,204,'Acetaminophen','200 mg','Take every 6 hours as needed'),(205,205,'Acetaminophen','1000 IU','Take once daily'),(206,206,'Aspirin','5 mg','Take with a full glass of water'),(207,207,'Ibuprofen','200 mg','Take before bedtime'),(208,208,'Metformin','500 mg','Take for 7 days'),(209,209,'Acetaminophen','5 mg','Take with food'),(210,210,'Vitamin D','20 mg','Take twice daily'),(211,211,'Lisinopril','250 mg','Take with food'),(212,212,'Simvastatin','500 mg','Take every 6 hours as needed'),(213,213,'Hydrochlorothiazide','81 mg','Take every 6 hours as needed'),(214,214,'Amoxicillin','500 mg','Take with a full glass of water'),(215,215,'Acetaminophen','500 mg','Take for 7 days'),(216,216,'Lisinopril','1000 IU','Take with food'),(217,217,'Lisinopril','500 mg','Take with food'),(218,218,'Amoxicillin','500 mg','Take for 7 days'),(219,219,'Ibuprofen','5 mg','Take once daily'),(220,220,'Vitamin D','250 mg','Take with food'),(221,221,'Simvastatin','200 mg','Take with a full glass of water'),(222,222,'Acetaminophen','500 mg','Take on an empty stomach'),(223,223,'Acetaminophen','50 mg','Take on an empty stomach'),(224,224,'Prednisone','1000 IU','Take for 7 days'),(225,225,'Simvastatin','500 mg','Take with a full glass of water'),(226,226,'Metformin','10 mg','Take every 8 hours as needed'),(227,227,'Amoxicillin','1000 IU','Take twice daily'),(228,228,'Metformin','10 mg','Take with food'),(229,229,'Vitamin D','200 mg','Take every 6 hours as needed'),(230,230,'Simvastatin','20 mg','Take every 12 hours'),(231,231,'Hydrochlorothiazide','1000 IU','Take before bedtime'),(232,232,'Simvastatin','1000 IU','Take for 7 days'),(233,233,'Lisinopril','200 mg','Take every 8 hours as needed'),(234,234,'Vitamin D','81 mg','Take once daily'),(235,235,'Acetaminophen','500 mg','Take on an empty stomach'),(236,236,'Prednisone','200 mg','Take every 6 hours as needed'),(237,237,'Vitamin D','500 mg','Take before bedtime'),(238,238,'Hydrochlorothiazide','5 mg','Take with a full glass of water'),(239,239,'Simvastatin','500 mg','Take every 12 hours'),(240,240,'Hydrochlorothiazide','500 mg','Take every 8 hours as needed'),(241,241,'Amoxicillin','500 mg','Take once daily'),(242,242,'Vitamin D','250 mg','Take with food'),(243,243,'Lisinopril','500 mg','Take before bedtime'),(244,244,'Lisinopril','250 mg','Take before bedtime'),(245,245,'Prednisone','50 mg','Take before bedtime'),(246,246,'Simvastatin','50 mg','Take with a full glass of water'),(247,247,'Amoxicillin','5 mg','Take before bedtime'),(248,248,'Acetaminophen','1000 IU','Take every 12 hours'),(249,249,'Acetaminophen','20 mg','Take before bedtime'),(250,250,'Acetaminophen','20 mg','Take for 7 days'),(251,251,'Amoxicillin','5 mg','Take with food'),(252,252,'Metformin','20 mg','Take once daily'),(253,253,'Lisinopril','50 mg','Take with food'),(254,254,'Hydrochlorothiazide','50 mg','Take every 12 hours'),(255,255,'Prednisone','20 mg','Take every 8 hours as needed'),(256,256,'Vitamin D','50 mg','Take once daily'),(257,257,'Simvastatin','20 mg','Take every 6 hours as needed'),(258,258,'Lisinopril','250 mg','Take every 12 hours'),(259,259,'Metformin','200 mg','Take once daily'),(260,260,'Simvastatin','250 mg','Take before bedtime'),(261,261,'Aspirin','1000 IU','Take every 6 hours as needed'),(262,262,'Amoxicillin','10 mg','Take with food'),(263,263,'Vitamin D','81 mg','Take twice daily'),(264,264,'Prednisone','20 mg','Take with food'),(265,265,'Metformin','10 mg','Take with food'),(266,266,'Hydrochlorothiazide','5 mg','Take every 6 hours as needed'),(267,267,'Ibuprofen','250 mg','Take with a full glass of water'),(268,268,'Acetaminophen','10 mg','Take before bedtime'),(269,269,'Simvastatin','20 mg','Take with a full glass of water'),(270,270,'Hydrochlorothiazide','200 mg','Take before bedtime'),(271,271,'Lisinopril','250 mg','Take with food'),(272,272,'Hydrochlorothiazide','500 mg','Take with food'),(273,273,'Prednisone','1000 IU','Take every 12 hours'),(274,274,'Hydrochlorothiazide','500 mg','Take with a full glass of water'),(275,275,'Aspirin','1000 IU','Take with food'),(276,276,'Aspirin','20 mg','Take once daily'),(277,277,'Ibuprofen','500 mg','Take on an empty stomach'),(278,278,'Acetaminophen','50 mg','Take on an empty stomach'),(279,279,'Ibuprofen','81 mg','Take every 12 hours'),(280,280,'Acetaminophen','200 mg','Take every 6 hours as needed'),(281,281,'Acetaminophen','50 mg','Take for 7 days'),(282,282,'Amoxicillin','81 mg','Take before bedtime'),(283,283,'Amoxicillin','200 mg','Take twice daily'),(284,284,'Lisinopril','500 mg','Take every 12 hours'),(285,285,'Lisinopril','1000 IU','Take once daily'),(286,286,'Aspirin','5 mg','Take every 12 hours'),(287,287,'Aspirin','20 mg','Take with food'),(288,288,'Acetaminophen','5 mg','Take once daily'),(289,289,'Metformin','250 mg','Take for 7 days'),(290,290,'Acetaminophen','200 mg','Take every 6 hours as needed'),(291,291,'Simvastatin','500 mg','Take every 6 hours as needed'),(292,292,'Hydrochlorothiazide','250 mg','Take with a full glass of water'),(293,293,'Amoxicillin','10 mg','Take every 6 hours as needed'),(294,294,'Prednisone','5 mg','Take every 12 hours'),(295,295,'Metformin','1000 IU','Take on an empty stomach'),(296,296,'Ibuprofen','1000 IU','Take with food'),(297,297,'Ibuprofen','5 mg','Take before bedtime'),(298,298,'Simvastatin','5 mg','Take with food'),(299,299,'Vitamin D','250 mg','Take with food'),(300,300,'Amoxicillin','500 mg','Take every 12 hours'),(301,301,'Prednisone','250 mg','Take every 6 hours as needed'),(302,302,'Metformin','250 mg','Take before bedtime'),(303,303,'Prednisone','500 mg','Take on an empty stomach'),(304,304,'Acetaminophen','250 mg','Take twice daily'),(305,305,'Vitamin D','50 mg','Take with food'),(306,306,'Acetaminophen','20 mg','Take once daily'),(307,307,'Simvastatin','1000 IU','Take once daily'),(308,308,'Acetaminophen','50 mg','Take before bedtime'),(309,309,'Vitamin D','20 mg','Take on an empty stomach'),(310,310,'Acetaminophen','20 mg','Take for 7 days'),(311,311,'Ibuprofen','500 mg','Take twice daily'),(312,312,'Prednisone','50 mg','Take for 7 days'),(313,313,'Lisinopril','1000 IU','Take twice daily'),(314,314,'Prednisone','250 mg','Take twice daily'),(315,315,'Lisinopril','50 mg','Take every 8 hours as needed'),(316,316,'Amoxicillin','20 mg','Take for 7 days'),(317,317,'Aspirin','1000 IU','Take twice daily'),(318,318,'Prednisone','500 mg','Take every 12 hours'),(319,319,'Prednisone','10 mg','Take twice daily'),(320,320,'Amoxicillin','5 mg','Take before bedtime'),(321,321,'Amoxicillin','10 mg','Take every 8 hours as needed'),(322,322,'Lisinopril','10 mg','Take every 12 hours'),(323,323,'Ibuprofen','500 mg','Take every 8 hours as needed'),(324,324,'Vitamin D','10 mg','Take on an empty stomach'),(325,325,'Hydrochlorothiazide','500 mg','Take with a full glass of water'),(326,326,'Simvastatin','50 mg','Take with food'),(327,327,'Prednisone','250 mg','Take every 12 hours'),(328,328,'Acetaminophen','20 mg','Take on an empty stomach'),(329,329,'Aspirin','10 mg','Take before bedtime'),(330,330,'Vitamin D','200 mg','Take with food'),(331,331,'Vitamin D','250 mg','Take every 6 hours as needed'),(332,332,'Amoxicillin','200 mg','Take twice daily'),(333,333,'Hydrochlorothiazide','10 mg','Take before bedtime'),(334,334,'Vitamin D','200 mg','Take with a full glass of water'),(335,335,'Aspirin','250 mg','Take every 8 hours as needed'),(336,336,'Simvastatin','1000 IU','Take on an empty stomach'),(337,337,'Acetaminophen','500 mg','Take every 12 hours'),(338,338,'Amoxicillin','1000 IU','Take before bedtime'),(339,339,'Aspirin','250 mg','Take with a full glass of water'),(340,340,'Prednisone','500 mg','Take once daily'),(341,341,'Acetaminophen','20 mg','Take twice daily'),(342,342,'Amoxicillin','200 mg','Take once daily'),(343,343,'Amoxicillin','500 mg','Take for 7 days'),(344,344,'Simvastatin','500 mg','Take once daily'),(345,345,'Metformin','50 mg','Take once daily'),(346,346,'Prednisone','250 mg','Take before bedtime'),(347,347,'Lisinopril','20 mg','Take every 8 hours as needed'),(348,348,'Hydrochlorothiazide','81 mg','Take once daily'),(349,349,'Acetaminophen','50 mg','Take every 8 hours as needed'),(350,350,'Aspirin','50 mg','Take every 12 hours'),(351,351,'Vitamin D','500 mg','Take every 12 hours'),(352,352,'Hydrochlorothiazide','200 mg','Take once daily'),(353,353,'Vitamin D','500 mg','Take twice daily'),(354,354,'Acetaminophen','250 mg','Take with a full glass of water'),(355,355,'Vitamin D','81 mg','Take every 6 hours as needed'),(356,356,'Ibuprofen','10 mg','Take every 6 hours as needed'),(357,357,'Aspirin','1000 IU','Take with food'),(358,358,'Amoxicillin','5 mg','Take every 6 hours as needed'),(359,359,'Hydrochlorothiazide','10 mg','Take every 6 hours as needed'),(360,360,'Hydrochlorothiazide','1000 IU','Take every 6 hours as needed'),(361,361,'Lisinopril','20 mg','Take with a full glass of water'),(362,362,'Amoxicillin','1000 IU','Take every 8 hours as needed'),(363,363,'Acetaminophen','81 mg','Take every 6 hours as needed'),(364,364,'Lisinopril','500 mg','Take every 12 hours'),(365,365,'Ibuprofen','1000 IU','Take with a full glass of water'),(366,366,'Aspirin','5 mg','Take every 12 hours'),(367,367,'Hydrochlorothiazide','81 mg','Take every 12 hours'),(368,368,'Prednisone','20 mg','Take once daily'),(369,369,'Simvastatin','5 mg','Take with a full glass of water'),(370,370,'Prednisone','200 mg','Take once daily'),(371,371,'Lisinopril','500 mg','Take twice daily'),(372,372,'Vitamin D','500 mg','Take with a full glass of water'),(373,373,'Metformin','20 mg','Take with food'),(374,374,'Vitamin D','5 mg','Take for 7 days'),(375,375,'Lisinopril','200 mg','Take for 7 days'),(376,376,'Ibuprofen','250 mg','Take every 8 hours as needed'),(377,377,'Aspirin','500 mg','Take every 8 hours as needed'),(378,378,'Amoxicillin','5 mg','Take every 12 hours'),(379,379,'Hydrochlorothiazide','1000 IU','Take twice daily'),(380,380,'Hydrochlorothiazide','20 mg','Take once daily'),(381,381,'Ibuprofen','81 mg','Take every 12 hours'),(382,382,'Hydrochlorothiazide','20 mg','Take every 6 hours as needed'),(383,383,'Acetaminophen','200 mg','Take for 7 days'),(384,384,'Hydrochlorothiazide','500 mg','Take for 7 days'),(385,385,'Ibuprofen','500 mg','Take on an empty stomach'),(386,386,'Aspirin','250 mg','Take every 12 hours'),(387,387,'Metformin','1000 IU','Take twice daily'),(388,388,'Ibuprofen','81 mg','Take with food'),(389,389,'Lisinopril','5 mg','Take before bedtime'),(390,390,'Aspirin','500 mg','Take with a full glass of water'),(391,391,'Aspirin','500 mg','Take for 7 days'),(392,392,'Hydrochlorothiazide','10 mg','Take every 12 hours'),(393,393,'Amoxicillin','500 mg','Take with a full glass of water'),(394,394,'Aspirin','200 mg','Take with food'),(395,395,'Prednisone','81 mg','Take with food'),(396,396,'Simvastatin','200 mg','Take every 12 hours'),(397,397,'Vitamin D','250 mg','Take on an empty stomach'),(398,398,'Prednisone','250 mg','Take once daily'),(399,399,'Hydrochlorothiazide','500 mg','Take twice daily'),(400,400,'Prednisone','200 mg','Take every 8 hours as needed'),(401,401,'Hydrochlorothiazide','10 mg','Take every 6 hours as needed'),(402,402,'Lisinopril','5 mg','Take twice daily'),(403,403,'Aspirin','250 mg','Take twice daily'),(404,404,'Aspirin','500 mg','Take every 8 hours as needed'),(405,405,'Lisinopril','5 mg','Take every 6 hours as needed'),(406,406,'Aspirin','50 mg','Take with a full glass of water'),(407,407,'Ibuprofen','81 mg','Take every 12 hours'),(408,408,'Acetaminophen','20 mg','Take every 12 hours'),(409,409,'Metformin','1000 IU','Take with a full glass of water'),(410,410,'Simvastatin','5 mg','Take for 7 days'),(411,411,'Metformin','50 mg','Take once daily'),(412,412,'Amoxicillin','10 mg','Take with a full glass of water'),(413,413,'Vitamin D','500 mg','Take with food'),(414,414,'Aspirin','5 mg','Take twice daily'),(415,415,'Aspirin','50 mg','Take once daily'),(416,416,'Ibuprofen','1000 IU','Take for 7 days'),(417,417,'Simvastatin','50 mg','Take on an empty stomach'),(418,418,'Metformin','50 mg','Take with a full glass of water'),(419,419,'Metformin','500 mg','Take every 12 hours'),(420,420,'Metformin','200 mg','Take with food'),(421,421,'Prednisone','10 mg','Take before bedtime'),(422,422,'Aspirin','20 mg','Take every 12 hours'),(423,423,'Amoxicillin','200 mg','Take twice daily'),(424,424,'Ibuprofen','500 mg','Take for 7 days'),(425,425,'Simvastatin','20 mg','Take with a full glass of water'),(426,426,'Simvastatin','10 mg','Take with a full glass of water'),(427,427,'Amoxicillin','5 mg','Take before bedtime'),(428,428,'Hydrochlorothiazide','500 mg','Take on an empty stomach'),(429,429,'Prednisone','1000 IU','Take with a full glass of water'),(430,430,'Prednisone','500 mg','Take every 6 hours as needed'),(431,431,'Simvastatin','500 mg','Take before bedtime'),(432,432,'Prednisone','50 mg','Take for 7 days'),(433,433,'Amoxicillin','200 mg','Take every 6 hours as needed'),(434,434,'Acetaminophen','500 mg','Take every 8 hours as needed'),(435,435,'Aspirin','500 mg','Take with a full glass of water'),(436,436,'Aspirin','50 mg','Take once daily'),(437,437,'Ibuprofen','5 mg','Take every 12 hours'),(438,438,'Aspirin','81 mg','Take every 12 hours'),(439,439,'Aspirin','200 mg','Take once daily'),(440,440,'Prednisone','250 mg','Take every 6 hours as needed'),(441,441,'Metformin','50 mg','Take for 7 days'),(442,442,'Metformin','50 mg','Take for 7 days'),(443,443,'Aspirin','50 mg','Take with a full glass of water'),(444,444,'Simvastatin','5 mg','Take on an empty stomach'),(445,445,'Amoxicillin','10 mg','Take once daily'),(446,446,'Aspirin','20 mg','Take every 12 hours'),(447,447,'Vitamin D','250 mg','Take on an empty stomach'),(448,448,'Hydrochlorothiazide','500 mg','Take for 7 days'),(449,449,'Amoxicillin','500 mg','Take on an empty stomach'),(450,450,'Prednisone','81 mg','Take every 6 hours as needed'),(451,451,'Metformin','81 mg','Take twice daily'),(452,452,'Hydrochlorothiazide','500 mg','Take twice daily'),(453,453,'Ibuprofen','10 mg','Take for 7 days'),(454,454,'Acetaminophen','10 mg','Take with a full glass of water'),(455,455,'Aspirin','20 mg','Take every 8 hours as needed'),(456,456,'Aspirin','250 mg','Take with a full glass of water'),(457,457,'Amoxicillin','81 mg','Take with a full glass of water'),(458,458,'Acetaminophen','10 mg','Take twice daily'),(459,459,'Aspirin','20 mg','Take every 6 hours as needed'),(460,460,'Metformin','200 mg','Take with food'),(461,461,'Metformin','500 mg','Take once daily'),(462,462,'Metformin','250 mg','Take every 8 hours as needed'),(463,463,'Aspirin','20 mg','Take for 7 days'),(464,464,'Simvastatin','81 mg','Take before bedtime'),(465,465,'Acetaminophen','50 mg','Take for 7 days'),(466,466,'Acetaminophen','20 mg','Take with food'),(467,467,'Prednisone','81 mg','Take on an empty stomach'),(468,468,'Acetaminophen','20 mg','Take before bedtime'),(469,469,'Aspirin','20 mg','Take every 6 hours as needed'),(470,470,'Aspirin','500 mg','Take once daily'),(471,471,'Prednisone','500 mg','Take once daily'),(472,472,'Acetaminophen','5 mg','Take with food'),(473,473,'Aspirin','81 mg','Take with a full glass of water'),(474,474,'Metformin','81 mg','Take with food'),(475,475,'Aspirin','20 mg','Take every 8 hours as needed'),(476,476,'Metformin','250 mg','Take twice daily'),(477,477,'Amoxicillin','5 mg','Take with a full glass of water'),(478,478,'Acetaminophen','200 mg','Take on an empty stomach'),(479,479,'Ibuprofen','20 mg','Take before bedtime'),(480,480,'Ibuprofen','81 mg','Take twice daily'),(481,481,'Lisinopril','10 mg','Take on an empty stomach'),(482,482,'Ibuprofen','500 mg','Take every 12 hours'),(483,483,'Aspirin','1000 IU','Take with a full glass of water'),(484,484,'Hydrochlorothiazide','20 mg','Take every 8 hours as needed'),(485,485,'Lisinopril','10 mg','Take with a full glass of water'),(486,486,'Simvastatin','500 mg','Take with food'),(487,487,'Acetaminophen','10 mg','Take with a full glass of water'),(488,488,'Aspirin','250 mg','Take with a full glass of water'),(489,489,'Lisinopril','20 mg','Take with a full glass of water'),(490,490,'Amoxicillin','81 mg','Take every 8 hours as needed'),(491,491,'Metformin','50 mg','Take every 6 hours as needed'),(492,492,'Metformin','500 mg','Take with food'),(493,493,'Amoxicillin','5 mg','Take every 12 hours'),(494,494,'Ibuprofen','500 mg','Take for 7 days'),(495,495,'Simvastatin','1000 IU','Take with food'),(496,496,'Vitamin D','500 mg','Take every 12 hours'),(497,497,'Hydrochlorothiazide','250 mg','Take with food'),(498,498,'Amoxicillin','500 mg','Take with food'),(499,499,'Amoxicillin','500 mg','Take every 12 hours'),(500,500,'Acetaminophen','200 mg','Take with a full glass of water'),(501,501,'Aspirin','50 mg','Take every 8 hours as needed'),(502,502,'Hydrochlorothiazide','10 mg','Take for 7 days'),(503,503,'Amoxicillin','250 mg','Take every 8 hours as needed'),(504,504,'Amoxicillin','20 mg','Take twice daily'),(505,505,'Vitamin D','200 mg','Take on an empty stomach'),(506,506,'Aspirin','1000 IU','Take every 12 hours'),(507,507,'Acetaminophen','5 mg','Take on an empty stomach'),(508,508,'Aspirin','250 mg','Take with food'),(509,509,'Ibuprofen','200 mg','Take before bedtime'),(510,510,'Lisinopril','10 mg','Take once daily'),(511,511,'Simvastatin','5 mg','Take with a full glass of water'),(512,512,'Amoxicillin','10 mg','Take on an empty stomach'),(513,513,'Amoxicillin','250 mg','Take every 12 hours'),(514,514,'Prednisone','250 mg','Take twice daily'),(515,515,'Amoxicillin','200 mg','Take before bedtime'),(516,516,'Lisinopril','500 mg','Take with a full glass of water'),(517,517,'Simvastatin','5 mg','Take for 7 days'),(518,518,'Hydrochlorothiazide','500 mg','Take every 6 hours as needed'),(519,519,'Amoxicillin','81 mg','Take with a full glass of water'),(520,520,'Aspirin','500 mg','Take twice daily'),(521,521,'Amoxicillin','81 mg','Take every 6 hours as needed'),(522,522,'Metformin','81 mg','Take on an empty stomach'),(523,523,'Metformin','500 mg','Take every 12 hours'),(524,524,'Acetaminophen','1000 IU','Take every 6 hours as needed'),(525,525,'Amoxicillin','10 mg','Take with a full glass of water'),(526,526,'Aspirin','50 mg','Take every 12 hours'),(527,527,'Lisinopril','10 mg','Take every 8 hours as needed'),(528,528,'Vitamin D','500 mg','Take on an empty stomach'),(529,529,'Lisinopril','20 mg','Take twice daily'),(530,530,'Hydrochlorothiazide','5 mg','Take for 7 days'),(531,531,'Aspirin','500 mg','Take before bedtime'),(532,532,'Simvastatin','1000 IU','Take on an empty stomach'),(533,533,'Prednisone','5 mg','Take before bedtime'),(534,534,'Prednisone','1000 IU','Take before bedtime'),(535,535,'Acetaminophen','50 mg','Take with a full glass of water'),(536,536,'Metformin','250 mg','Take with food'),(537,537,'Simvastatin','1000 IU','Take every 6 hours as needed'),(538,538,'Amoxicillin','20 mg','Take with a full glass of water'),(539,539,'Aspirin','250 mg','Take for 7 days'),(540,540,'Lisinopril','50 mg','Take with food'),(541,541,'Hydrochlorothiazide','1000 IU','Take every 12 hours'),(542,542,'Hydrochlorothiazide','10 mg','Take with food'),(543,543,'Lisinopril','500 mg','Take with a full glass of water'),(544,544,'Ibuprofen','5 mg','Take with a full glass of water'),(545,545,'Ibuprofen','500 mg','Take once daily'),(546,546,'Vitamin D','500 mg','Take with food'),(547,547,'Aspirin','50 mg','Take every 6 hours as needed'),(548,548,'Aspirin','250 mg','Take with food'),(549,549,'Metformin','10 mg','Take once daily'),(550,550,'Prednisone','500 mg','Take every 8 hours as needed'),(551,551,'Prednisone','500 mg','Take every 6 hours as needed'),(552,552,'Metformin','500 mg','Take once daily'),(553,553,'Metformin','500 mg','Take once daily'),(554,554,'Acetaminophen','50 mg','Take every 12 hours'),(555,555,'Vitamin D','50 mg','Take before bedtime'),(556,556,'Metformin','50 mg','Take with a full glass of water'),(557,557,'Acetaminophen','200 mg','Take every 8 hours as needed'),(558,558,'Metformin','200 mg','Take for 7 days'),(559,559,'Ibuprofen','500 mg','Take on an empty stomach'),(560,560,'Simvastatin','250 mg','Take with a full glass of water'),(561,561,'Simvastatin','50 mg','Take for 7 days'),(562,562,'Prednisone','250 mg','Take for 7 days'),(563,563,'Acetaminophen','81 mg','Take with a full glass of water'),(564,564,'Acetaminophen','5 mg','Take on an empty stomach'),(565,565,'Metformin','200 mg','Take every 6 hours as needed'),(566,566,'Acetaminophen','20 mg','Take once daily'),(567,567,'Metformin','5 mg','Take on an empty stomach'),(568,568,'Lisinopril','200 mg','Take before bedtime'),(569,569,'Ibuprofen','10 mg','Take once daily'),(570,570,'Hydrochlorothiazide','81 mg','Take once daily'),(571,571,'Vitamin D','250 mg','Take every 6 hours as needed'),(572,572,'Lisinopril','200 mg','Take once daily'),(573,573,'Vitamin D','1000 IU','Take once daily'),(574,574,'Amoxicillin','500 mg','Take before bedtime'),(575,575,'Amoxicillin','5 mg','Take twice daily'),(576,576,'Acetaminophen','50 mg','Take on an empty stomach'),(577,577,'Metformin','500 mg','Take with food'),(578,578,'Hydrochlorothiazide','10 mg','Take every 6 hours as needed'),(579,579,'Metformin','250 mg','Take with food'),(580,580,'Aspirin','20 mg','Take every 12 hours'),(581,581,'Vitamin D','200 mg','Take for 7 days'),(582,582,'Ibuprofen','250 mg','Take every 6 hours as needed'),(583,583,'Vitamin D','500 mg','Take with a full glass of water'),(584,584,'Amoxicillin','200 mg','Take every 8 hours as needed'),(585,585,'Acetaminophen','5 mg','Take before bedtime'),(586,586,'Metformin','1000 IU','Take once daily'),(587,587,'Ibuprofen','5 mg','Take every 12 hours'),(588,588,'Metformin','20 mg','Take for 7 days'),(589,589,'Vitamin D','250 mg','Take every 6 hours as needed'),(590,590,'Simvastatin','500 mg','Take on an empty stomach'),(591,591,'Prednisone','10 mg','Take every 6 hours as needed'),(592,592,'Ibuprofen','10 mg','Take for 7 days'),(593,593,'Aspirin','10 mg','Take on an empty stomach'),(594,594,'Simvastatin','5 mg','Take every 6 hours as needed'),(595,595,'Lisinopril','500 mg','Take every 8 hours as needed'),(596,596,'Simvastatin','20 mg','Take every 12 hours'),(597,597,'Aspirin','500 mg','Take every 12 hours'),(598,598,'Lisinopril','1000 IU','Take every 6 hours as needed'),(599,599,'Aspirin','250 mg','Take every 8 hours as needed'),(600,600,'Vitamin D','250 mg','Take every 8 hours as needed'),(601,601,'Prednisone','200 mg','Take twice daily'),(602,602,'Hydrochlorothiazide','5 mg','Take twice daily'),(603,603,'Amoxicillin','500 mg','Take for 7 days'),(604,604,'Vitamin D','500 mg','Take for 7 days'),(605,605,'Prednisone','500 mg','Take twice daily'),(606,606,'Metformin','500 mg','Take before bedtime'),(607,607,'Ibuprofen','250 mg','Take with a full glass of water'),(608,608,'Aspirin','200 mg','Take once daily'),(609,609,'Prednisone','200 mg','Take every 12 hours'),(610,610,'Acetaminophen','500 mg','Take with a full glass of water'),(611,611,'Vitamin D','20 mg','Take with a full glass of water'),(612,612,'Hydrochlorothiazide','10 mg','Take twice daily'),(613,613,'Simvastatin','5 mg','Take before bedtime'),(614,614,'Acetaminophen','50 mg','Take for 7 days'),(615,615,'Acetaminophen','250 mg','Take with food'),(616,616,'Acetaminophen','200 mg','Take with food'),(617,617,'Simvastatin','1000 IU','Take once daily'),(618,618,'Lisinopril','50 mg','Take every 12 hours'),(619,619,'Acetaminophen','500 mg','Take before bedtime'),(620,620,'Ibuprofen','20 mg','Take before bedtime'),(621,621,'Vitamin D','50 mg','Take every 12 hours'),(622,622,'Hydrochlorothiazide','500 mg','Take every 12 hours'),(623,623,'Amoxicillin','200 mg','Take before bedtime'),(624,624,'Metformin','81 mg','Take before bedtime'),(625,625,'Hydrochlorothiazide','50 mg','Take once daily'),(626,626,'Lisinopril','81 mg','Take twice daily'),(627,627,'Ibuprofen','10 mg','Take every 12 hours'),(628,628,'Ibuprofen','200 mg','Take every 8 hours as needed'),(629,629,'Acetaminophen','5 mg','Take every 8 hours as needed'),(630,630,'Aspirin','200 mg','Take once daily'),(631,631,'Aspirin','1000 IU','Take every 12 hours'),(632,632,'Hydrochlorothiazide','500 mg','Take once daily'),(633,633,'Simvastatin','250 mg','Take every 12 hours'),(634,634,'Hydrochlorothiazide','250 mg','Take with food'),(635,635,'Hydrochlorothiazide','250 mg','Take before bedtime'),(636,636,'Lisinopril','20 mg','Take twice daily'),(637,637,'Prednisone','50 mg','Take before bedtime'),(638,638,'Acetaminophen','20 mg','Take twice daily'),(639,639,'Vitamin D','500 mg','Take every 8 hours as needed'),(640,640,'Ibuprofen','250 mg','Take with food'),(641,641,'Ibuprofen','5 mg','Take on an empty stomach'),(642,642,'Acetaminophen','200 mg','Take with food'),(643,643,'Metformin','1000 IU','Take with food'),(644,644,'Ibuprofen','500 mg','Take with a full glass of water'),(645,645,'Simvastatin','250 mg','Take for 7 days'),(646,646,'Amoxicillin','1000 IU','Take with a full glass of water'),(647,647,'Ibuprofen','50 mg','Take every 6 hours as needed'),(648,648,'Simvastatin','10 mg','Take before bedtime'),(649,649,'Aspirin','500 mg','Take with food'),(650,650,'Prednisone','20 mg','Take once daily'),(651,651,'Prednisone','250 mg','Take every 12 hours'),(652,652,'Acetaminophen','50 mg','Take on an empty stomach'),(653,653,'Hydrochlorothiazide','500 mg','Take for 7 days'),(654,654,'Metformin','81 mg','Take before bedtime'),(655,655,'Lisinopril','50 mg','Take every 8 hours as needed'),(656,656,'Prednisone','5 mg','Take twice daily'),(657,657,'Metformin','50 mg','Take for 7 days'),(658,658,'Vitamin D','10 mg','Take once daily'),(659,659,'Hydrochlorothiazide','81 mg','Take every 8 hours as needed'),(660,660,'Aspirin','81 mg','Take once daily'),(661,661,'Simvastatin','250 mg','Take every 8 hours as needed'),(662,662,'Amoxicillin','250 mg','Take every 8 hours as needed'),(663,663,'Acetaminophen','10 mg','Take for 7 days'),(664,664,'Metformin','50 mg','Take once daily'),(665,665,'Metformin','500 mg','Take twice daily'),(666,666,'Prednisone','10 mg','Take with a full glass of water'),(667,667,'Simvastatin','500 mg','Take every 8 hours as needed'),(668,668,'Prednisone','5 mg','Take every 12 hours'),(669,669,'Hydrochlorothiazide','81 mg','Take every 12 hours'),(670,670,'Prednisone','500 mg','Take every 6 hours as needed'),(671,671,'Prednisone','10 mg','Take twice daily'),(672,672,'Ibuprofen','200 mg','Take on an empty stomach'),(673,673,'Simvastatin','1000 IU','Take before bedtime'),(674,674,'Metformin','500 mg','Take with a full glass of water'),(675,675,'Vitamin D','10 mg','Take on an empty stomach'),(676,676,'Lisinopril','500 mg','Take twice daily'),(677,677,'Prednisone','81 mg','Take every 12 hours'),(678,678,'Simvastatin','10 mg','Take with a full glass of water'),(679,679,'Ibuprofen','10 mg','Take with food'),(680,680,'Acetaminophen','81 mg','Take every 12 hours'),(681,681,'Metformin','5 mg','Take twice daily'),(682,682,'Prednisone','250 mg','Take every 12 hours'),(683,683,'Simvastatin','250 mg','Take on an empty stomach'),(684,684,'Amoxicillin','1000 IU','Take before bedtime'),(685,685,'Amoxicillin','10 mg','Take every 12 hours'),(686,686,'Amoxicillin','5 mg','Take twice daily'),(687,687,'Hydrochlorothiazide','200 mg','Take every 6 hours as needed'),(688,688,'Lisinopril','250 mg','Take once daily'),(689,689,'Vitamin D','200 mg','Take every 12 hours'),(690,690,'Metformin','10 mg','Take on an empty stomach'),(691,691,'Ibuprofen','200 mg','Take twice daily'),(692,692,'Metformin','81 mg','Take once daily'),(693,693,'Vitamin D','500 mg','Take once daily'),(694,694,'Hydrochlorothiazide','250 mg','Take every 8 hours as needed'),(695,695,'Simvastatin','250 mg','Take for 7 days'),(696,696,'Acetaminophen','10 mg','Take on an empty stomach'),(697,697,'Lisinopril','10 mg','Take with food'),(698,698,'Simvastatin','250 mg','Take every 6 hours as needed'),(699,699,'Acetaminophen','500 mg','Take with food'),(700,700,'Amoxicillin','10 mg','Take twice daily'),(701,701,'Acetaminophen','250 mg','Take twice daily'),(702,702,'Simvastatin','50 mg','Take every 12 hours'),(703,703,'Acetaminophen','250 mg','Take with food'),(704,704,'Vitamin D','10 mg','Take every 12 hours'),(705,705,'Lisinopril','200 mg','Take for 7 days'),(706,706,'Simvastatin','200 mg','Take every 12 hours'),(707,707,'Acetaminophen','200 mg','Take on an empty stomach'),(708,708,'Amoxicillin','20 mg','Take before bedtime'),(709,709,'Lisinopril','5 mg','Take every 6 hours as needed'),(710,710,'Vitamin D','500 mg','Take every 8 hours as needed'),(711,711,'Acetaminophen','50 mg','Take with a full glass of water'),(712,712,'Acetaminophen','500 mg','Take every 6 hours as needed'),(713,713,'Metformin','500 mg','Take every 12 hours'),(714,714,'Simvastatin','200 mg','Take on an empty stomach'),(715,715,'Amoxicillin','50 mg','Take before bedtime'),(716,716,'Simvastatin','250 mg','Take twice daily'),(717,717,'Acetaminophen','10 mg','Take with a full glass of water'),(718,718,'Acetaminophen','200 mg','Take for 7 days'),(719,719,'Vitamin D','500 mg','Take on an empty stomach'),(720,720,'Amoxicillin','1000 IU','Take every 12 hours'),(721,721,'Metformin','10 mg','Take on an empty stomach'),(722,722,'Prednisone','20 mg','Take with food'),(723,723,'Amoxicillin','200 mg','Take every 12 hours'),(724,724,'Acetaminophen','500 mg','Take with a full glass of water'),(725,725,'Lisinopril','500 mg','Take on an empty stomach'),(726,726,'Metformin','500 mg','Take once daily'),(727,727,'Vitamin D','500 mg','Take on an empty stomach'),(728,728,'Simvastatin','250 mg','Take with a full glass of water'),(729,729,'Vitamin D','200 mg','Take on an empty stomach'),(730,730,'Amoxicillin','81 mg','Take with food'),(731,731,'Prednisone','500 mg','Take every 12 hours'),(732,732,'Hydrochlorothiazide','81 mg','Take once daily'),(733,733,'Ibuprofen','1000 IU','Take twice daily'),(734,734,'Vitamin D','81 mg','Take once daily'),(735,735,'Aspirin','250 mg','Take twice daily'),(736,736,'Lisinopril','81 mg','Take on an empty stomach'),(737,737,'Lisinopril','500 mg','Take twice daily'),(738,738,'Prednisone','10 mg','Take for 7 days'),(739,739,'Aspirin','1000 IU','Take with a full glass of water'),(740,740,'Prednisone','1000 IU','Take every 12 hours'),(741,741,'Ibuprofen','200 mg','Take once daily'),(742,742,'Simvastatin','50 mg','Take for 7 days'),(743,743,'Lisinopril','50 mg','Take before bedtime'),(744,744,'Acetaminophen','1000 IU','Take with a full glass of water'),(745,745,'Hydrochlorothiazide','50 mg','Take on an empty stomach'),(746,746,'Acetaminophen','5 mg','Take for 7 days'),(747,747,'Metformin','5 mg','Take every 6 hours as needed'),(748,748,'Acetaminophen','50 mg','Take once daily'),(749,749,'Lisinopril','50 mg','Take once daily'),(750,750,'Prednisone','50 mg','Take with food'),(751,751,'Amoxicillin','1000 IU','Take before bedtime'),(752,752,'Lisinopril','20 mg','Take once daily'),(753,753,'Hydrochlorothiazide','500 mg','Take every 8 hours as needed'),(754,754,'Aspirin','200 mg','Take for 7 days'),(755,755,'Amoxicillin','1000 IU','Take every 12 hours'),(756,756,'Vitamin D','5 mg','Take with food'),(757,757,'Lisinopril','50 mg','Take once daily'),(758,758,'Metformin','200 mg','Take every 12 hours'),(759,759,'Metformin','20 mg','Take before bedtime'),(760,760,'Metformin','5 mg','Take with a full glass of water'),(761,761,'Metformin','5 mg','Take on an empty stomach'),(762,762,'Hydrochlorothiazide','10 mg','Take on an empty stomach'),(763,763,'Metformin','500 mg','Take every 12 hours'),(764,764,'Ibuprofen','10 mg','Take before bedtime'),(765,765,'Amoxicillin','81 mg','Take once daily'),(766,766,'Acetaminophen','50 mg','Take every 6 hours as needed'),(767,767,'Vitamin D','81 mg','Take with a full glass of water'),(768,768,'Acetaminophen','50 mg','Take for 7 days'),(769,769,'Lisinopril','50 mg','Take twice daily'),(770,770,'Ibuprofen','250 mg','Take on an empty stomach'),(771,771,'Prednisone','50 mg','Take with food'),(772,772,'Ibuprofen','81 mg','Take twice daily'),(773,773,'Metformin','500 mg','Take with food'),(774,774,'Aspirin','500 mg','Take twice daily'),(775,775,'Metformin','250 mg','Take twice daily'),(776,776,'Vitamin D','20 mg','Take twice daily'),(777,777,'Ibuprofen','20 mg','Take with a full glass of water'),(778,778,'Simvastatin','10 mg','Take with food'),(779,779,'Aspirin','500 mg','Take every 8 hours as needed'),(780,780,'Simvastatin','81 mg','Take with food'),(781,781,'Lisinopril','1000 IU','Take with food'),(782,782,'Aspirin','1000 IU','Take on an empty stomach'),(783,783,'Amoxicillin','250 mg','Take for 7 days'),(784,784,'Ibuprofen','500 mg','Take on an empty stomach'),(785,785,'Ibuprofen','50 mg','Take every 8 hours as needed'),(786,786,'Aspirin','500 mg','Take twice daily'),(787,787,'Ibuprofen','20 mg','Take every 6 hours as needed'),(788,788,'Prednisone','10 mg','Take every 6 hours as needed'),(789,789,'Prednisone','10 mg','Take every 12 hours'),(790,790,'Acetaminophen','81 mg','Take with food'),(791,791,'Vitamin D','81 mg','Take for 7 days'),(792,792,'Lisinopril','10 mg','Take once daily'),(793,793,'Amoxicillin','81 mg','Take once daily'),(794,794,'Amoxicillin','1000 IU','Take every 12 hours'),(795,795,'Amoxicillin','81 mg','Take twice daily'),(796,796,'Ibuprofen','1000 IU','Take with a full glass of water'),(797,797,'Acetaminophen','5 mg','Take every 8 hours as needed'),(798,798,'Lisinopril','200 mg','Take once daily'),(799,799,'Metformin','500 mg','Take every 8 hours as needed'),(800,800,'Hydrochlorothiazide','10 mg','Take for 7 days');
/*!40000 ALTER TABLE `prescriptions` ENABLE KEYS */;
UNLOCK TABLES;
/*!40103 SET TIME_ZONE=@OLD_TIME_ZONE */;

/*!40101 SET SQL_MODE=@OLD_SQL_MODE */;
/*!40014 SET FOREIGN_KEY_CHECKS=@OLD_FOREIGN_KEY_CHECKS */;
/*!40014 SET UNIQUE_CHECKS=@OLD_UNIQUE_CHECKS */;
/*!40101 SET CHARACTER_SET_CLIENT=@OLD_CHARACTER_SET_CLIENT */;
/*!40101 SET CHARACTER_SET_RESULTS=@OLD_CHARACTER_SET_RESULTS */;
/*!40101 SET COLLATION_CONNECTION=@OLD_COLLATION_CONNECTION */;
/*!40111 SET SQL_NOTES=@OLD_SQL_NOTES */;

-- Dump completed on 2024-08-10 13:50:50
